Day_Number,Title,URL,Duration_(ms)
1,"Daily Bible Reading - Monday, January 1",http://static1.squarespace.com/static/520fcad6e4b0717200274c82/t/5a43b5760d9297c68861d3c7/1514386893647/OYB_January1_2018_mixdown.mp3/original/OYB_January1_2018_mixdown.mp3,987000
2,"Daily Bible Reading - Tuesday, January 2",http://static1.squarespace.com/static/520fcad6e4b0717200274c82/t/5a4a92a48165f54918e57151/1514836717854/OYB_January2_2018_mixdown.mp3/original/OYB_January2_2018_mixdown.mp3,767000
3,"Daily Bible Reading - Wednesday, January 3",http://static1.squarespace.com/static/520fcad6e4b0717200274c82/t/5a4bdedde2c483daf9a58cc0/1514921786704/OYB_January3_2018_mixdown.mp3/original/OYB_January3_2018_mixdown.mp3,946000
4,"Daily Bible Reading - Thursday, January 4",http://static1.squarespace.com/static/520fcad6e4b0717200274c82/t/5a4bec60ec212d8987a18448/1514925232985/OYB_January4_2018_mixdown.mp3/original/OYB_January4_2018_mixdown.mp3,903000
5,"Daily Bible Reading - Friday, January 5",http://static1.squarespace.com/static/520fcad6e4b0717200274c82/t/5a4d38578165f5f47330f311/1515010223690/OYB_January5_2018_mixdown.mp3/original/OYB_January5_2018_mixdown.mp3,854000
6,"Daily Bible Reading - Saturday, January 6",http://static1.squarespace.com/static/520fcad6e4b0717200274c82/t/5a4e86c6f9619a322dc10f47/1515095823032/OYB_January6_2018_mixdown.mp3/original/OYB_January6_2018_mixdown.mp3,846000
7,"Daily Bible Reading - Sunday, January 7",http://static1.squarespace.com/static/520fcad6e4b0717200274c82/t/5a4e965771c10b3b6aa9de55/1515099820045/OYB_January7_2018_mixdown.mp3/original/OYB_January7_2018_mixdown.mp3,953000
8,"Daily Bible Reading - Monday, January 8",http://static1.squarespace.com/static/520fcad6e4b0717200274c82/t/5a4feeeb24a6940f4a39f7e6/1515188021620/OYB_January8_2018_mixdown.mp3/original/OYB_January8_2018_mixdown.mp3,859000
9,"Daily Bible Reading - Tuesday, January 9",http://static1.squarespace.com/static/520fcad6e4b0717200274c82/t/5a511eb5c830256b617b107d/1515265806603/OYB_January9_2018_mixdown.mp3/original/OYB_January9_2018_mixdown.mp3,959000
Day_Number,Title,URL,Duration_(ms)
11,"Daily Bible Reading - Thursday, January 11",http://static1.squarespace.com/static/520fcad6e4b0717200274c82/t/5a529ba771c10b6703d36cf5/1515363328533/OYB_January11_2018_mixdown.mp3/original/OYB_January11_2018_mixdown.mp3,860000
12,"Daily Bible Reading - Friday, January 12",http://static1.squarespace.com/static/520fcad6e4b0717200274c82/t/5a53d3218165f5e247196e1f/1515443051568/OYB_January12_2018_mixdown.mp3/original/OYB_January12_2018_mixdown.mp3,822000
13,"Daily Bible Reading - Saturday, January 13",http://static1.squarespace.com/static/520fcad6e4b0717200274c82/t/5a53e77c8165f574392dff76/1515448260620/OYB_January13_2018_mixdown.mp3/original/OYB_January13_2018_mixdown.mp3,783000
14,"Daily Bible Reading - Sunday, January 14",http://static1.squarespace.com/static/520fcad6e4b0717200274c82/t/5a56b5639140b755af44a030/1515632079628/OYB_January14_2018_mixdown.mp3/original/OYB_January14_2018_mixdown.mp3,835000
15,"Daily Bible Reading - Monday, January 15",http://static1.squarespace.com/static/520fcad6e4b0717200274c82/t/5a5e563571c10b3c9178b589/1516131965230/OYB_January15_2018_mixdown.mp3/original/OYB_January15_2018_mixdown.mp3,777000
16,"Daily Bible Reading - Tuesday, January 16 ",http://media.blubrry.com/oneyearbiblepodcast/static1.squarespace.com/static/520fcad6e4b0717200274c82/t/5a57c883c8302558ef0eb2cd/1515702499618/OYB_January16_2018_mixdown.mp3/,
17,"Daily Bible Reading - Wednesday, January 17",http://static1.squarespace.com/static/520fcad6e4b0717200274c82/t/5a59284771c10bc39a50f88a/1515792533280/OYB_January17_2018_mixdown.mp3/original/OYB_January17_2018_mixdown.mp3,878000
18,"Daily Bible Reading - Thursday, January 18",http://static1.squarespace.com/static/520fcad6e4b0717200274c82/t/5a5a5b849140b7e31a79a558/1515871211369/OYB_January18_2018_mixdown.mp3/original/OYB_January18_2018_mixdown.mp3,1009000
19,"Daily Bible Reading - Friday, January 19",http://static1.squarespace.com/static/520fcad6e4b0717200274c82/t/5a5bb7cc9140b791b62d11c8/1515960348164/OYB_January19_2018_mixdown.mp3/original/OYB_January19_2018_mixdown.mp3,937000
20,"Daily Bible Reading - Saturday, January 20",http://static1.squarespace.com/static/520fcad6e4b0717200274c82/t/5a5d109e53450ac120568104/1516048637976/OYB_January20_2018_mixdown.mp3/original/OYB_January20_2018_mixdown.mp3,875000
21,"Daily Bible Reading - Sunday, January 21",http://static1.squarespace.com/static/520fcad6e4b0717200274c82/t/5a5e6e27ec212d675a027f0c/1516138103134/OYB_January21_2018_mixdown.mp3/original/OYB_January21_2018_mixdown.mp3,910000
22,"Daily Bible Reading - Monday, January 22",http://static1.squarespace.com/static/520fcad6e4b0717200274c82/t/5a5feb3108522948920a75b4/1516235649271/OYB_January22_2018_mixdown.mp3/original/OYB_January22_2018_mixdown.mp3,901000
23,"Daily Bible Reading - Tuesday, January 23",http://static1.squarespace.com/static/520fcad6e4b0717200274c82/t/5a6135ddc83025f09a7b8973/1516320312584/OYB_January23_2018_mixdown.mp3/original/OYB_January23_2018_mixdown.mp3,1049000
24,"Daily Bible Reading - Wednesday, January 24",http://static1.squarespace.com/static/520fcad6e4b0717200274c82/t/5a6369b1419202749b8fa0d6/1516464641270/OYB_January24_2018_mixdown.mp3/original/OYB_January24_2018_mixdown.mp3,875000
25,"Daily Bible Reading - Thursday, January 25",http://static1.squarespace.com/static/520fcad6e4b0717200274c82/t/5a637d5a71c10be0a05c1b99/1516469673696/OYB_January25_2018_mixdown.mp3/original/OYB_January25_2018_mixdown.mp3,900000
26,"Daily Bible Reading - Friday, January 26",http://static1.squarespace.com/static/520fcad6e4b0717200274c82/t/5a650710e4966ba24216c009/1516570459751/OYB_January26_2018_mixdown.mp3/original/OYB_January26_2018_mixdown.mp3,755000
27,"Daily Bible Reading - Saturday, January 27",http://static1.squarespace.com/static/520fcad6e4b0717200274c82/t/5a6657d708522976f5eb7e7f/1516656671289/OYB_January27_2018_mixdown.mp3/original/OYB_January27_2018_mixdown.mp3,876000
28,"Daily Bible Reading - Sunday, January 28",http://static1.squarespace.com/static/520fcad6e4b0717200274c82/t/5a67af56652dea5f53de48f9/1516744609951/OYB_January28_2018_mixdown.mp3/original/OYB_January28_2018_mixdown.mp3,833000
29,"Daily Bible Reading - Monday, January 29",http://static1.squarespace.com/static/520fcad6e4b0717200274c82/t/5a68fd8ae2c483dca23d6856/1516830186339/OYB_January29_2018_mixdown.mp3/original/OYB_January29_2018_mixdown.mp3,963000
30,"Daily Bible Reading - Tuesday, January 30",http://static1.squarespace.com/static/520fcad6e4b0717200274c82/t/5a6bb702e4966b51475ffaf9/1517008721062/OYB_January30_2018_mixdown.mp3/original/OYB_January30_2018_mixdown.mp3,917000
31,"Daily Bible Reading - Wednesday, January 31",http://static1.squarespace.com/static/520fcad6e4b0717200274c82/t/5a6cf0549140b70ed92ee57b/1517088942538/OYB_January31_2018_mixdown.mp3/original/OYB_January31_2018_mixdown.mp3,881000
32,"Daily Bible Reading - Thursday, February 1",http://static1.squarespace.com/static/520fcad6e4b0717200274c82/t/5a6e315af9619a15b60827ee/1517171110425/OYB_February1_2018_mixdown.mp3/original/OYB_February1_2018_mixdown.mp3,903000
Day_Number,Title,URL,Duration_(ms)
33,"Daily Bible Reading - Friday, February 2",http://static1.squarespace.com/static/520fcad6e4b0717200274c82/t/5a6e395c9140b70ed963912c/1517173182672/OYB_February2_2018_mixdown.mp3/original/OYB_February2_2018_mixdown.mp3,915000
34,"Daily Bible Reading - Saturday, February 3",http://static1.squarespace.com/static/520fcad6e4b0717200274c82/t/5a6f8d2671c10b4ab492eced/1517260154897/OYB_February3_2018_mixdown.mp3/original/OYB_February3_2018_mixdown.mp3,815000
35,"Daily Bible Reading - Sunday, February 4",http://static1.squarespace.com/static/520fcad6e4b0717200274c82/t/5a6f993dc830254f336d03d3/1517263238137/OYB_February4_2018_mixdown.mp3/original/OYB_February4_2018_mixdown.mp3,867000
36,"Daily Bible Reading - Monday, February 5",http://static1.squarespace.com/static/520fcad6e4b0717200274c82/t/5a70e7eb0d92970a48cb4af1/1517348937846/OYB_February5_2018_mixdown.mp3/original/OYB_February5_2018_mixdown.mp3,950000
Day_Number,Title,URL,Duration_(ms)
Day_Number,Title,URL,Duration_(ms)
37,"Daily Bible Reading - Wednesday, February 7",http://static1.squarespace.com/static/520fcad6e4b0717200274c82/t/5a721c62652dea06c1da892a/1517427885687/OYB_February7_2018_mixdown.mp3/original/OYB_February7_2018_mixdown.mp3,928000
38,"Daily Bible Reading - Thursday, February 8",http://static1.squarespace.com/static/520fcad6e4b0717200274c82/t/5a7a17f8e4966b5472d94238/1517951031964/OYB_February8_2018_mixdown.mp3/original/OYB_February8_2018_mixdown.mp3,785000
39,"Daily Bible Reading - Friday, February 9",http://static1.squarespace.com/static/520fcad6e4b0717200274c82/t/5a7b665e8165f513403a9dfc/1518036668023/OYB_February9_2018_mixdown.mp3/original/OYB_February9_2018_mixdown.mp3,984000
40,"Daily Bible Reading - Saturday, February 10",http://static1.squarespace.com/static/520fcad6e4b0717200274c82/t/5a7caf5c53450ae9d9a5eb75/1518120861184/OYB_February10_2018_mixdown.mp3/original/OYB_February10_2018_mixdown.mp3,767000
41,"Daily Bible Reading - Sunday, February 11",http://static1.squarespace.com/static/520fcad6e4b0717200274c82/t/5a7e0179f9619ab21f9c29b9/1518207439303/OYB_February11_2018_mixdown.mp3/original/OYB_February11_2018_mixdown.mp3,911000
42,"Daily Bible Reading - Monday, February 12",http://static1.squarespace.com/static/520fcad6e4b0717200274c82/t/5a80a6a2ec212d81180892dc/1518380771470/OYB_February12_2018_mixdown.mp3/original/OYB_February12_2018_mixdown.mp3,717000
43,"Daily Bible Reading - Tuesday, February 13",http://static1.squarespace.com/static/520fcad6e4b0717200274c82/t/5a80c37e71c10b61a5edaf47/1518388174021/OYB_February13_2018_mixdown.mp3/original/OYB_February13_2018_mixdown.mp3,950000
44,"Daily Bible Reading - Wednesday, February 14",http://static1.squarespace.com/static/520fcad6e4b0717200274c82/t/5a8361b9c830259ddc5eae71/1518559744645/OYB_February14_2018_mixdown.mp3/original/OYB_February14_2018_mixdown.mp3,824000
45,"Daily Bible Reading - Thursday, February 15",http://static1.squarespace.com/static/520fcad6e4b0717200274c82/t/5a84b4f10852295967c6fd16/1518646603291/OYB_February15_2018_mixdown.mp3/original/OYB_February15_2018_mixdown.mp3,1035000
46,"Daily Bible Reading - Friday, February 16",http://static1.squarespace.com/static/520fcad6e4b0717200274c82/t/5a862a31c830255b6031b00b/1518742137440/OYB_February16_2018_mixdown.mp3/original/OYB_February16_2018_mixdown.mp3,883000
47,"Daily Bible Reading - Saturday, February 17",http://static1.squarespace.com/static/520fcad6e4b0717200274c82/t/5a87820eec212d1cb45055ee/1518830178322/OYB_February17_2018_mixdown.mp3/original/OYB_February17_2018_mixdown.mp3,944000
48,"Daily Bible Reading - Sunday, February 18",http://static1.squarespace.com/static/520fcad6e4b0717200274c82/t/5a8833c90d9297112db822a6/1518875659327/OYB_February18_2018_mixdown.mp3/original/OYB_February18_2018_mixdown.mp3,828000
49,"Daily Bible Reading - Monday, February 19",http://static1.squarespace.com/static/520fcad6e4b0717200274c82/t/5a89e55bec212d1cb4aca162/1518986666132/OYB_February19_2018_mixdown.mp3/original/OYB_February19_2018_mixdown.mp3,903000
50,"Daily Bible Reading - Tuesday, February 20",http://static1.squarespace.com/static/520fcad6e4b0717200274c82/t/5a8b330bf9619a0752a1af53/1519072077873/OYB_February20_2018_mixdown.mp3/original/OYB_February20_2018_mixdown.mp3,789000
51,"Daily Bible Reading - Wednesday, February 21",http://static1.squarespace.com/static/520fcad6e4b0717200274c82/t/5a8c723be2c483c4083ea2a6/1519153795694/OYB_February21_2018_mixdown.mp3/original/OYB_February21_2018_mixdown.mp3,864000
52,"Daily Bible Reading - Thursday, February 22",http://static1.squarespace.com/static/520fcad6e4b0717200274c82/t/5a8c81dfe4966b2397f5264a/1519157813923/OYB_February22_2018_mixdown.mp3/original/OYB_February22_2018_mixdown.mp3,1025000
53,"Daily Bible Reading - Friday, February 23",http://static1.squarespace.com/static/520fcad6e4b0717200274c82/t/5a8e13de8165f569cbf67479/1519260713279/OYB_February23_2018_mixdown.mp3/original/OYB_February23_2018_mixdown.mp3,899000
54,"Daily Bible Reading - Sunday, February 25",http://static1.squarespace.com/static/520fcad6e4b0717200274c82/t/5a90613fc830257a34086a2c/1519411591394/OYB_February25_2018_mixdown.mp3/original/OYB_February25_2018_mixdown.mp3,835000
55,"Daily Bible Reading - Monday, February 26",http://static1.squarespace.com/static/520fcad6e4b0717200274c82/t/5a90826771c10b0d65d77723/1519420087014/OYB_February26_2018_mixdown.mp3/original/OYB_February26_2018_mixdown.mp3,918000
56,"Daily Bible Reading - Tuesday, February 27",http://static1.squarespace.com/static/520fcad6e4b0717200274c82/t/5a94702253450a4a61c3f16b/1519677539778/OYB_February27_2018_mixdown.mp3/original/OYB_February27_2018_mixdown.mp3,780000
57,"Daily Bible Reading - Wednesday, February 28",http://static1.squarespace.com/static/520fcad6e4b0717200274c82/t/5a95bd73ec212d0d4ec1a421/1519762889086/OYB_February28_2018_mixdown.mp3/original/OYB_February28_2018_mixdown.mp3,917000
58,"Daily Bible Reading - Saturday, March 3",http://static1.squarespace.com/static/520fcad6e4b0717200274c82/t/5a98433a53450a6689bc6590/1519928209251/OYB_March3_2018_mixdown.mp3/original/OYB_March3_2018_mixdown.mp3,981000
59,"Daily Bible Reading - Sunday, March 4",http://static1.squarespace.com/static/520fcad6e4b0717200274c82/t/5a986a98ec212d1753291716/1519938314324/OYB_March4_2018_mixdown.mp3/original/OYB_March4_2018_mixdown.mp3,1024000
60,"Daily Bible Reading - Tuesday, March 6",http://static1.squarespace.com/static/520fcad6e4b0717200274c82/t/5a9d9ca5419202ab8bde8dd2/1520278814353/OYB_March6_2018_mixdown.mp3/original/OYB_March6_2018_mixdown.mp3,1381000
61,"Daily Bible Reading - Wednesday, March 7",http://static1.squarespace.com/static/520fcad6e4b0717200274c82/t/5a9da853e2c4839717cb3c91/1520281761172/OYB_March7_2018_mixdown.mp3/original/OYB_March7_2018_mixdown.mp3,870000
62,"Daily Bible Reading - Friday, March 9",http://static1.squarespace.com/static/520fcad6e4b0717200274c82/t/5aa063318165f553aa693546/1520460670158/OYB_March9_2018_mixdown.mp3/original/OYB_March9_2018_mixdown.mp3,885000
63,"Daily Bible Reading - Saturday, March 10",http://static1.squarespace.com/static/520fcad6e4b0717200274c82/t/5aa06a25e2c4835e5537b20c/1520462462199/OYB_March10_2018_mixdown.mp3/original/OYB_March10_2018_mixdown.mp3,843000
64,"Daily Bible Reading - Monday, March 12",http://static1.squarespace.com/static/520fcad6e4b0717200274c82/t/5aa2e72d71c10bf94308dfbb/1520625532419/OYB_March12_2018_mixdown.mp3/original/OYB_March12_2018_mixdown.mp3,945000
65,"Daily Bible Reading - Wednesday, March 14",http://static1.squarespace.com/static/520fcad6e4b0717200274c82/t/5aa6e7f8652deaa16b7fa2ce/1520887876959/OYB_March14_2018_mixdown.mp3/original/OYB_March14_2018_mixdown.mp3,890000
66,"Daily Bible Reading - Thursday, March 15",http://static1.squarespace.com/static/520fcad6e4b0717200274c82/t/5aa82cb58165f594c0737401/1520971002034/OYB_March15_2018_mixdown.mp3/original/OYB_March15_2018_mixdown.mp3,772000
67,"Daily Bible Reading - Friday, March 16",http://static1.squarespace.com/static/520fcad6e4b0717200274c82/t/5aa8406ef9619a45704eb6ff/1520976055672/OYB_March16-2018_mixdown.mp3/original/OYB_March16-2018_mixdown.mp3,842000
68,"Daily Bible Reading - Sunday, March 18",http://static1.squarespace.com/static/520fcad6e4b0717200274c82/t/5aaac0cb562fa7c86a567f8c/1521139983695/OYB_March18_2018_mixdown.mp3/original/OYB_March18_2018_mixdown.mp3,803000
69,"Daily Bible Reading - Monday, March 19",http://static1.squarespace.com/static/520fcad6e4b0717200274c82/t/5aaacc461ae6cf02516c11d5/1521142918591/OYB_March19_2018_mixdown.mp3/original/OYB_March19_2018_mixdown.mp3,804000
70,"Daily Bible Reading - Wednesday, March 21",http://static1.squarespace.com/static/520fcad6e4b0717200274c82/t/5ab0149b8a922dec22809344/1521489126215/OYB_March21_2018_mixdown.mp3/original/OYB_March21_2018_mixdown.mp3,943000
71,"Daily Bible Reading - Friday, March 23",http://static1.squarespace.com/static/520fcad6e4b0717200274c82/t/5ab166f1575d1fb57c3da527/1521575744827/OYB_March23_2018_mixdown.mp3/original/OYB_March23_2018_mixdown.mp3,986000
72,"Daily Bible Reading - Saturday, March 24",http://static1.squarespace.com/static/520fcad6e4b0717200274c82/t/5ab2a538352f53048d8a52cf/1521657228015/OYB_March24_2018_mixdown.mp3/original/OYB_March24_2018_mixdown.mp3,1003000
73,"Daily Bible Reading - Monday, March 26",http://static1.squarespace.com/static/520fcad6e4b0717200274c82/t/5ab41905f950b7039c530718/1521752386111/OYB_March26_2018_mixdown.mp3/original/OYB_March26_2018_mixdown.mp3,968000
74,"Daily Bible Reading - Tuesday, March 27",http://static1.squarespace.com/static/520fcad6e4b0717200274c82/t/5ab545ec0e2e72bd8362e61c/1521829428997/OYB_March27_2018_mixdown.mp3/original/OYB_March27_2018_mixdown.mp3,848000
75,"Daily Bible Reading - Wednesday, March 28",http://static1.squarespace.com/static/520fcad6e4b0717200274c82/t/5ab5783a352f534a090f09ac/1521842310483/OYB_March28_2018_mixdown.mp3/original/OYB_March28_2018_mixdown.mp3,896000
76,"Daily Bible Reading - Friday, March 30",http://static1.squarespace.com/static/520fcad6e4b0717200274c82/t/5ab9527d6d2a73733da16ee0/1522094811623/OYB_March30_2018_mixdown.mp3/original/OYB_March30_2018_mixdown.mp3,1109000
77,"Daily Bible Reading - Thursday, April 5",http://static1.squarespace.com/static/520fcad6e4b0717200274c82/t/5ac533eb03ce64a2bba5d130/1522873410812/OYB_April5_2018_mixdown.mp3/original/OYB_April5_2018_mixdown.mp3,1086000
78,"Daily Bible Reading - Tuesday, April 10",http://static1.squarespace.com/static/520fcad6e4b0717200274c82/t/5acbbfa66d2a73d3a0213449/1523302368486/OYB_April10_2018_mixdown.mp3/original/OYB_April10_2018_mixdown.mp3,924000
79,"Daily Bible Reading - Wednesday, April 11",http://static1.squarespace.com/static/520fcad6e4b0717200274c82/t/5acd097c352f53a44f57b55c/1523386823884/OYB_April11_2018_mixdown.mp3/original/OYB_April11_2018_mixdown.mp3,878000
80,"Daily Bible Reading - Thursday, April 12",http://static1.squarespace.com/static/520fcad6e4b0717200274c82/t/5acd1abf70a6adb3536b22d8/1523391258488/OYB_April12_2018_mixdown.mp3/original/OYB_April12_2018_mixdown.mp3,1144000
81,"Daily Bible Reading - Saturday, April 14",http://static1.squarespace.com/static/520fcad6e4b0717200274c82/t/5acfa8bc562fa7b5ec5ee8e3/1523558658027/OYB_April14_2018_mixdown.mp3/original/OYB_April14_2018_mixdown.mp3,1114000
82,"Daily Bible Reading - Sunday, April 15",http://static1.squarespace.com/static/520fcad6e4b0717200274c82/t/5acfc2ac88251b63161f8b51/1523565283408/OYB_April15_2018_mixdown.mp3/original/OYB_April15_2018_mixdown.mp3,823000
83,"Daily Bible Reading - Monday, April 16",http://static1.squarespace.com/static/520fcad6e4b0717200274c82/t/5ad116a3562fa71762ed4409/1523652330469/OYB_April16_2018_mixdown.mp3/original/OYB_April16_2018_mixdown.mp3,828000
84,"Daily Bible Reading - Tuesday, April 17",http://static1.squarespace.com/static/520fcad6e4b0717200274c82/t/5ad4f886352f537efb9dbcb8/1523906766365/OYB_April17_2018_mixdown.mp3/original/OYB_April17_2018_mixdown.mp3,838000
85,"Daily Bible Reading - Wednesday, April 18",http://static1.squarespace.com/static/520fcad6e4b0717200274c82/t/5ad63b7f0e2e720b81d148c4/1523989458198/OYB_April18_2018_mixdown.mp3/original/OYB_April18_2018_mixdown.mp3,983000
86,"Daily Bible Reading - Thursday, April 19",http://static1.squarespace.com/static/520fcad6e4b0717200274c82/t/5ad7a1cf352f533511ecee1d/1524081175861/OYB_April19_2018_mixdown.mp3/original/OYB_April19_2018_mixdown.mp3,876000
87,"Daily Bible Reading - Friday, April 20",http://static1.squarespace.com/static/520fcad6e4b0717200274c82/t/5ad7a2836d2a734914b99560/1524081366709/OYB_April20_2018_mixdown.mp3/original/OYB_April20_2018_mixdown.mp3,1040000
88,"Daily Bible Reading - Monday, April 23",http://static1.squarespace.com/static/520fcad6e4b0717200274c82/t/5ada695d1ae6cfa0bb1c4853/1524263333803/OYB_April23_2018_mixdown.mp3/original/OYB_April23_2018_mixdown.mp3,913000
89,"Daily Bible Reading - Tuesday, April 24",http://static1.squarespace.com/static/520fcad6e4b0717200274c82/t/5adbbbafaa4a99162ac98ed2/1524349939599/OYB_April24_2018_mixdown.mp3/original/OYB_April24_2018_mixdown.mp3,837000
90,"Daily Bible Reading - Wednesday, April 25",http://static1.squarespace.com/static/520fcad6e4b0717200274c82/t/5adbe98baa4a99162acf355c/1524361671860/OYB_April25_2018_mixdown.mp3/original/OYB_April25_2018_mixdown.mp3,931000
91,"Daily Bible Reading - Friday, April 27",http://static1.squarespace.com/static/520fcad6e4b0717200274c82/t/5adf839a8a922dc9c0507cd2/1524597737148/OYB_April27_2018_mixdown.mp3/original/OYB_April27_2018_mixdown.mp3,936000
92,"Daily Bible Reading - Saturday, April 28",http://static1.squarespace.com/static/520fcad6e4b0717200274c82/t/5adf8ebf6d2a73d61ee1a78a/1524600569203/OYB_April28_2018_mixdown.mp3/original/OYB_April28_2018_mixdown.mp3,712000
93,"Daily Bible Reading - Sunday, April 29",http://static1.squarespace.com/static/520fcad6e4b0717200274c82/t/5ae1f1dc562fa7423a5a5ddb/1524757014553/OYB_April29_2018_mixdown.mp3/original/OYB_April29_2018_mixdown.mp3,926000
94,"Daily Bible Reading - Monday, April 30",http://static1.squarespace.com/static/520fcad6e4b0717200274c82/t/5ae663961ae6cfa83d60d6ec/1525048287806/OYB_April30_2018_mixdown.mp3/original/OYB_April30_2018_mixdown.mp3,890000
95,"Daily Bible Reading - Tuesday, May 1",http://static1.squarespace.com/static/520fcad6e4b0717200274c82/t/5ae768e803ce6406945c3863/1525115187217/OYB_May1_2018_mixdown.mp3/original/OYB_May1_2018_mixdown.mp3,882000
96,"Daily Bible Reading - Wednesday, May 2",http://static1.squarespace.com/static/520fcad6e4b0717200274c82/t/5ae8b66a6d2a73187a2aa2a5/1525200628800/OYB_May2_2018_mixdown.mp3/original/OYB_May2_2018_mixdown.mp3,979000
97,"Daily Bible Reading - Sunday, May 6",http://static1.squarespace.com/static/520fcad6e4b0717200274c82/t/5aeb59042b6a28516bdab391/1525373260660/OYB_May6_2018_mixdown.mp3/original/OYB_May6_2018_mixdown.mp3,911000
98,"Daily Bible Reading - Monday, May 7",http://static1.squarespace.com/static/520fcad6e4b0717200274c82/t/5aeb5a068a922d96ce68293d/1525373495995/OYB_May7_2018_mixdown.mp3/original/OYB_May7_2018_mixdown.mp3,778000
99,"Daily Bible Reading - Tuesday, May 8",http://static1.squarespace.com/static/520fcad6e4b0717200274c82/t/5aeb5b00aa4a999e5b5381e1/1525373772403/OYB_May8_2018_mixdown.mp3/original/OYB_May8_2018_mixdown.mp3,936000
100,"Daily Bible Reading - Wednesday, May 9",http://static1.squarespace.com/static/520fcad6e4b0717200274c82/t/5aeb5e24aa4a999e5b543b73/1525374574376/OYB_May9_2018_mixdown.mp3/original/OYB_May9_2018_mixdown.mp3,921000
101,"Daily Bible Reading - Friday, May 11",http://static1.squarespace.com/static/520fcad6e4b0717200274c82/t/5af347fa70a6adbb1162b2e8/1525893194144/OYB_May11_2018_mixdown.mp3/original/OYB_May11_2018_mixdown.mp3,1013000
102,"Daily Bible Reading - Saturday, May 12",http://static1.squarespace.com/static/520fcad6e4b0717200274c82/t/5af349526d2a737c1755bd18/1525893533683/OYB_May12_2018_mixdown.mp3/original/OYB_May12_2018_mixdown.mp3,883000
103,"Daily Bible Reading - Sunday, May 13",http://static1.squarespace.com/static/520fcad6e4b0717200274c82/t/5af34a6a575d1fa83a49db6a/1525893824161/OYB_May13_2018_mixdown.mp3/original/OYB_May13_2018_mixdown.mp3,1015000
104,"Daily Bible Reading - Monday, May 14",http://static1.squarespace.com/static/520fcad6e4b0717200274c82/t/5af34b65562fa7cf2504bcac/1525894067805/OYB_May14_2018_mixdown.mp3/original/OYB_May14_2018_mixdown.mp3,898000
105,"Daily Bible Reading - Tuesday, May 15",http://static1.squarespace.com/static/520fcad6e4b0717200274c82/t/5af34c71575d1fa83a4a53f9/1525894325261/OYB_May15_2018_mixdown.mp3/original/OYB_May15_2018_mixdown.mp3,834000
106,"Daily Bible Reading - Wednesday, May 16",http://static1.squarespace.com/static/520fcad6e4b0717200274c82/t/5af34d742b6a28770569ea01/1525894590047/OYB_May16_2018_mixdown.mp3/original/OYB_May16_2018_mixdown.mp3,888000
107,"Daily Bible Reading - Saturday, May 19",http://static1.squarespace.com/static/520fcad6e4b0717200274c82/t/5afc861088251b3354ade17b/1526498910286/OYB_May19_2018_mixdown.mp3/original/OYB_May19_2018_mixdown.mp3,1018000
108,"Daily Bible Reading - Tuesday, May 22",http://static1.squarespace.com/static/520fcad6e4b0717200274c82/t/5afc8968758d465213683795/1526499735895/OYB_May22_2018_mixdown.mp3/original/OYB_May22_2018_mixdown.mp3,737000
109,"Daily Bible Reading - Thursday, May 24",http://static1.squarespace.com/static/520fcad6e4b0717200274c82/t/5b05a240758d46d7fddb13b0/1527095953383/OYB_May24_2018_mixdown.mp3/original/OYB_May24_2018_mixdown.mp3,951000
110,"Daily Bible Reading - Friday, May 25",http://static1.squarespace.com/static/520fcad6e4b0717200274c82/t/5b05a34403ce64a8acd85781/1527096194721/OYB_May25_2018_mixdown.mp3/original/OYB_May25_2018_mixdown.mp3,778000
111,"Daily Bible Reading - Sunday, May 27",http://static1.squarespace.com/static/520fcad6e4b0717200274c82/t/5b05a5728a922db415a19a49/1527096748068/OYB_May27_2018_mixdown.mp3/original/OYB_May27_2018_mixdown.mp3,799000
112,"Daily Bible Reading - Monday, May 28",http://static1.squarespace.com/static/520fcad6e4b0717200274c82/t/5b05a667aa4a99da475a2e9d/1527097003782/OYB_May28_2018_mixdown.mp3/original/OYB_May28_2018_mixdown.mp3,808000
113,"Daily Bible Reading - Tuesday, May 29",http://static1.squarespace.com/static/520fcad6e4b0717200274c82/t/5b05a784f950b76fb5f08df4/1527097303064/OYB_May29_2018_mixdown.mp3/original/OYB_May29_2018_mixdown.mp3,983000
114,"Daily Bible Reading - Wednesday, May 30",http://static1.squarespace.com/static/520fcad6e4b0717200274c82/t/5b05a86d562fa7dc52be3f70/1527097512911/OYB_May30_2018_mixdown.mp3/original/OYB_May30_2018_mixdown.mp3,930000
115,"Daily Bible Reading - Thursday, May 31",http://static1.squarespace.com/static/520fcad6e4b0717200274c82/t/5b0ef8adaa4a99eda8cec8a8/1527707897728/OYB_May31_2018_mixdown.mp3/original/OYB_May31_2018_mixdown.mp3,737000
116,"Daily Bible Reading - Friday, June 1",http://static1.squarespace.com/static/520fcad6e4b0717200274c82/t/5b0ef9cd1ae6cf397968a0bd/1527708212349/OYB_Jun1_2018_mixdown.mp3/original/OYB_Jun1_2018_mixdown.mp3,981000
117,"Daily Bible Reading - Saturday, June 2",http://static1.squarespace.com/static/520fcad6e4b0717200274c82/t/5b0efaf90e2e72efb1edcb91/1527708497914/OYB_June2_2018_mixdown.mp3/original/OYB_June2_2018_mixdown.mp3,914000
118,"Daily Bible Reading - Sunday, June 3",http://static1.squarespace.com/static/520fcad6e4b0717200274c82/t/5b0efc2a2b6a2876ee2df9e6/1527708787030/OYB_June3_2018_mixdown.mp3/original/OYB_June3_2018_mixdown.mp3,890000
119,"Daily Bible Reading - Monday, June 4",http://static1.squarespace.com/static/520fcad6e4b0717200274c82/t/5b0efd3e575d1f9aa7dcd8f1/1527709068271/OYB_June4_2018_mixdown.mp3/original/OYB_June4_2018_mixdown.mp3,963000
120,"Daily Bible Reading - Tuesday, June 5",http://static1.squarespace.com/static/520fcad6e4b0717200274c82/t/5b0efe4a562fa7b848b4a236/1527709306290/OYB_June5_2018_mixdown.mp3/original/OYB_June5_2018_mixdown.mp3,736000
121,"Daily Bible Reading - Wednesday, June 6",http://static1.squarespace.com/static/520fcad6e4b0717200274c82/t/5b0eff2e352f53bd7cf87534/1527709583692/OYB_June6_2018_mixdown.mp3/original/OYB_June6_2018_mixdown.mp3,997000
122,"Daily Bible Reading - Thursday, June 7",http://static1.squarespace.com/static/520fcad6e4b0717200274c82/t/5b1859c4758d4629002b2a55/1528322583912/OYB_June7_2018_mixdown.mp3/original/OYB_June7_2018_mixdown.mp3,1051000
123,"Daily Bible Reading - Friday, June 8",http://static1.squarespace.com/static/520fcad6e4b0717200274c82/t/5b185ac4758d4629002b5983/1528322825709/OYB_June8_2018_mixdown.mp3/original/OYB_June8_2018_mixdown.mp3,831000
124,"Daily Bible Reading - Saturday, June 9",http://static1.squarespace.com/static/520fcad6e4b0717200274c82/t/5b185bc81ae6cf93c23068e1/1528323075348/OYB_June9_2018_mixdown.mp3/original/OYB_June9_2018_mixdown.mp3,900000
125,"Daily Bible Reading - Sunday, June 10",http://static1.squarespace.com/static/520fcad6e4b0717200274c82/t/5b185cc28a922dc70ee6d46b/1528323337956/OYB_June10_2018_mixdown.mp3/original/OYB_June10_2018_mixdown.mp3,880000
126,"Daily Bible Reading - Thursday, June 14",http://static1.squarespace.com/static/520fcad6e4b0717200274c82/t/5b215d9e88251b4590322270/1528913370721/OYB_June14_2018_mixdown.mp3/original/OYB_June14_2018_mixdown.mp3,831000
127,"Daily Bible Reading - Saturday, June 16",http://static1.squarespace.com/static/520fcad6e4b0717200274c82/t/5b215f9c8a922db929122e1d/1528913900543/OYB_June16_2018_mixdown.mp3/original/OYB_June16_2018_mixdown.mp3,1009000
128,"Daily Bible Reading - Monday, June 18",http://static1.squarespace.com/static/520fcad6e4b0717200274c82/t/5b2161b9352f53cfa1f567d9/1528914423397/OYB_June18_2018_mixdown.mp3/original/OYB_June18_2018_mixdown.mp3,713000
129,"Daily Bible Reading - Tuesday, June 19",http://static1.squarespace.com/static/520fcad6e4b0717200274c82/t/5b2162bc6d2a737a99cbd96e/1528914711024/OYB_June19_2018_mixdown.mp3/original/OYB_June19_2018_mixdown.mp3,1073000
130,"Daily Bible Reading - Thursday, June 21",http://static1.squarespace.com/static/520fcad6e4b0717200274c82/t/5b2ab28d2b6a282fae40c3a9/1529524935007/OYB_June21_2018_mixdown.mp3/original/OYB_June21_2018_mixdown.mp3,879000
131,"Daily Bible Reading - Friday, June 22",http://static1.squarespace.com/static/520fcad6e4b0717200274c82/t/5b2ab38970a6ad1e00120471/1529525191086/OYB_June22_2018_mixdown.mp3/original/OYB_June22_2018_mixdown.mp3,768000
132,"Daily Bible Reading - Saturday, June 23",http://static1.squarespace.com/static/520fcad6e4b0717200274c82/t/5b2ab48388251b6bae7ae5f3/1529525461056/OYB_June23_2018_mixdown.mp3/original/OYB_June23_2018_mixdown.mp3,1035000
133,"Daily Bible Reading - Sunday, June 24",http://static1.squarespace.com/static/520fcad6e4b0717200274c82/t/5b2ab59f758d4639c626a82c/1529525720555/OYB_June24_2018_mixdown.mp3/original/OYB_June24_2018_mixdown.mp3,902000
134,"Daily Bible Reading - Monday, June 25",http://static1.squarespace.com/static/520fcad6e4b0717200274c82/t/5b2ab68a352f53807c3b85a7/1529525971542/OYB_June25_2018_mixdown.mp3/original/OYB_June25_2018_mixdown.mp3,858000
135,"Daily Bible Reading - Wednesday, June 27",http://static1.squarespace.com/static/520fcad6e4b0717200274c82/t/5b2ab8b2352f53807c3c0cb8/1529526513573/OYB_June27_2018_mixdown.mp3/original/OYB_June27_2018_mixdown.mp3,914000
136,"Daily Bible Reading - Saturday, June 30",http://static1.squarespace.com/static/520fcad6e4b0717200274c82/t/5b33f08eaa4a9955f05ca58a/1530130667256/OYB_June30_2018_mixdown.mp3/original/OYB_June30_2018_mixdown.mp3,1041000
137,"Daily Bible Reading - Sunday, July 1",http://static1.squarespace.com/static/520fcad6e4b0717200274c82/t/5b33f209758d46072ad3dc7d/1530131015231/OYB_July1_2018_mixdown.mp3/original/OYB_July1_2018_mixdown.mp3,970000
138,"Daily Bible Reading - Tuesday, July 3",http://static1.squarespace.com/static/520fcad6e4b0717200274c82/t/5b33f40b2b6a28dd62bc3802/1530131550628/OYB_July3_2018_mixdown.mp3/original/OYB_July3_2018_mixdown.mp3,924000
139,"Daily Bible Reading - Thursday, July 5",http://static1.squarespace.com/static/520fcad6e4b0717200274c82/t/5b3be54cf950b72201fd546f/1530652050049/OYB_July5_2018_mixdown.mp3/original/OYB_July5_2018_mixdown.mp3,801000
140,"Daily Bible Reading - Saturday, July 7",http://static1.squarespace.com/static/520fcad6e4b0717200274c82/t/5b3e7264aa4a99408640ee25/1530819256985/OYB_July7_2018_mixdown.mp3/original/OYB_July7_2018_mixdown.mp3,913000
141,"Daily Bible Reading - Monday, July 9",http://static1.squarespace.com/static/520fcad6e4b0717200274c82/t/5b3e749b6d2a7310cd64f168/1530819821252/OYB_July9_2018_mixdown.mp3/original/OYB_July9_2018_mixdown.mp3,996000
142,"Daily Bible Reading - Wednesday, July 11",http://static1.squarespace.com/static/520fcad6e4b0717200274c82/t/5b3e76c3352f535bffb1bbc7/1530820372804/OYB_July11_2018_mixdown.mp3/original/OYB_July11_2018_mixdown.mp3,1003000
143,"Daily Bible Reading - Thursday, July 12",http://static1.squarespace.com/static/520fcad6e4b0717200274c82/t/5b4660010e2e72c12c1d118d/1531339114926/OYB_July12_2018_mixdown.mp3/original/OYB_July12_2018_mixdown.mp3,763000
144,"Daily Bible Reading - Friday, July 13",http://static1.squarespace.com/static/520fcad6e4b0717200274c82/t/5b46622daa4a99454880b46c/1531339385168/OYB_July13_2018_mixdown.mp3/original/OYB_July13_2018_mixdown.mp3,855000
145,"Daily Bible Reading - Saturday, July 14",http://static1.squarespace.com/static/520fcad6e4b0717200274c82/t/5b4663210e2e72c12c1dcd07/1531339602944/OYB_July14_2018_mixdown.mp3/original/OYB_July14_2018_mixdown.mp3,777000
146,"Daily Bible Reading - Sunday, July 15",http://static1.squarespace.com/static/520fcad6e4b0717200274c82/t/5b466438575d1f8e00808dfc/1531339889560/OYB_July15_2018_mixdown.mp3/original/OYB_July15_2018_mixdown.mp3,883000
147,"Daily Bible Reading - Tuesday, July 17",http://static1.squarespace.com/static/520fcad6e4b0717200274c82/t/5b46668370a6ad385ad24399/1531340756223/OYB_July17_2017_mixdown.mp3/original/OYB_July17_2017_mixdown.mp3,776000
148,"Daily Bible Reading - Thursday, July 19",http://static1.squarespace.com/static/520fcad6e4b0717200274c82/t/5b4f95d3f950b7b502e4dbda/1531942412483/OYB_July19_2018_mixdown.mp3/original/OYB_July19_2018_mixdown.mp3,891000
149,"Daily Bible Reading - Saturday, July 21",http://static1.squarespace.com/static/520fcad6e4b0717200274c82/t/5b4f97c7758d46a76bd480a1/1531942922516/OYB_July21_2018_mixdown.mp3/original/OYB_July21_2018_mixdown.mp3,793000
150,"Daily Bible Reading - Sunday, July 22",http://static1.squarespace.com/static/520fcad6e4b0717200274c82/t/5b4f98cc758d46a76bd4d229/1531943193456/OYB_July22_2018_mixdown.mp3/original/OYB_July22_2018_mixdown.mp3,1095000
151,"Daily Bible Reading - Monday, July 23",http://static1.squarespace.com/static/520fcad6e4b0717200274c82/t/5b4f99d7f950b7b502e5e45a/1531943447866/OYB_July23_2018_mixdown.mp3/original/OYB_July23_2018_mixdown.mp3,942000
152,"Daily Bible Reading - Tuesday, July 24",http://static1.squarespace.com/static/520fcad6e4b0717200274c82/t/5b4f9ac9562fa7d6efd19d4f/1531943706182/OYB_July24_2018_mixdown.mp3/original/OYB_July24_2018_mixdown.mp3,948000
153,"Daily Bible Reading - Wednesday, July 25",http://static1.squarespace.com/static/520fcad6e4b0717200274c82/t/5b4f9bdf0e2e724f128852e4/1531943984374/OYB_July25_2018_mixdown.mp3/original/OYB_July25_2018_mixdown.mp3,878000
154,"Daily Bible Reading - Thursday, July 26",http://static1.squarespace.com/static/520fcad6e4b0717200274c82/t/5b566f886d2a732d8959fe71/1532391382705/OYB_July26_2018_mixdown.mp3/original/OYB_July26_2018_mixdown.mp3,924000
155,"Daily Bible Reading - Friday, July 27",http://static1.squarespace.com/static/520fcad6e4b0717200274c82/t/5b56709788251b71260750eb/1532391661831/OYB_July27_2018_mixdown.mp3/original/OYB_July27_2018_mixdown.mp3,936000
156,"Daily Bible Reading - Saturday, July 28",http://static1.squarespace.com/static/520fcad6e4b0717200274c82/t/5b5671b4352f53339a5feb18/1532391951770/OYB_July28_2018_mixdown.mp3/original/OYB_July28_2018_mixdown.mp3,1082000
157,"Daily Bible Reading - Sunday, July 29",http://static1.squarespace.com/static/520fcad6e4b0717200274c82/t/5b5672c4575d1fb3afb87b75/1532392195545/OYB_July29_2018_mixdown.mp3/original/OYB_July29_2018_mixdown.mp3,1016000
158,"Daily Bible Reading - Tuesday, July 31",http://static1.squarespace.com/static/520fcad6e4b0717200274c82/t/5b5674bbf950b7329f251116/1532392710262/OYB_July31_2018_mixdown.mp3/original/OYB_July31_2018_mixdown.mp3,771000
159,"Daily Bible Reading - Wednesday, August 1",http://static1.squarespace.com/static/520fcad6e4b0717200274c82/t/5b5675c6575d1fb3afb8fee8/1532392996420/OYB_August1_2018_mixdown.mp3/original/OYB_August1_2018_mixdown.mp3,1000000
160,"Daily Bible Reading - Saturday, August 4",http://static1.squarespace.com/static/520fcad6e4b0717200274c82/t/5b57942f1ae6cf20dc320941/1532466299719/OYB_August4_2018_mixdown.mp3/original/OYB_August4_2018_mixdown.mp3,913000
161,"Daily Bible Reading - Sunday, August 5",http://static1.squarespace.com/static/520fcad6e4b0717200274c82/t/5b579524562fa7f7a5d3a982/1532466538596/OYB_August5_2018_mixdown.mp3/original/OYB_August5_2018_mixdown.mp3,861000
162,"Daily Bible Reading - Monday, August 6",http://static1.squarespace.com/static/520fcad6e4b0717200274c82/t/5b579628352f53cf448cbab9/1532466799093/OYB_August6_2018_mixdown.mp3/original/OYB_August6_2018_mixdown.mp3,760000
163,"Daily Bible Reading - Tuesday, August 7",http://static1.squarespace.com/static/520fcad6e4b0717200274c82/t/5b57971cf950b7c9988db0fc/1532467055250/OYB_August7_2018_mixdown.mp3/original/OYB_August7_2018_mixdown.mp3,779000
164,"Daily Bible Reading - Thursday, August 9",http://static1.squarespace.com/static/520fcad6e4b0717200274c82/t/5b5912b8f950b7844b1cb2b2/1532564212241/OYB_August9_2018_mixdown.mp3/original/OYB_August9_2018_mixdown.mp3,679000
165,"Daily Bible Reading - Friday, August 10",http://static1.squarespace.com/static/520fcad6e4b0717200274c82/t/5b5913c988251b0b7e8da073/1532564492557/OYB_August10_2018_mixdown.mp3/original/OYB_August10_2018_mixdown.mp3,744000
166,"Daily Bible Reading - Sunday, August 12",http://static1.squarespace.com/static/520fcad6e4b0717200274c82/t/5b5915b670a6ad1470eaa727/1532564997331/OYB_August12_2018_mixdown.mp3/original/OYB_August12_2018_mixdown.mp3,920000
167,"Daily Bible Reading - Monday, August 13",http://static1.squarespace.com/static/520fcad6e4b0717200274c82/t/5b5916d8aa4a99fbdb1f5316/1532565287154/OYB_August13_2018_mixdown.mp3/original/OYB_August13_2018_mixdown.mp3,904000
168,"Daily Bible Reading - Tuesday, August 14",http://static1.squarespace.com/static/520fcad6e4b0717200274c82/t/5b5917eeaa4a99fbdb1f7f7e/1532565576365/OYB_August14_2018_mixdown.mp3/original/OYB_August14_2018_mixdown.mp3,966000
169,"Daily Bible Reading - Wednesday, August 15",http://static1.squarespace.com/static/520fcad6e4b0717200274c82/t/5b59190d03ce645f31d24642/1532565843662/OYB_August15_2018_mixdown.mp3/original/OYB_August15_2018_mixdown.mp3,858000
170,"Daily Bible Reading - Thursday, August 16",http://static1.squarespace.com/static/520fcad6e4b0717200274c82/t/5b5c87056d2a73ec3d046526/1532790607428/OYB_August16_2018_mixdown.mp3/original/OYB_August16_2018_mixdown.mp3,822000
171,"Daily Bible Reading - Friday, August 17",http://static1.squarespace.com/static/520fcad6e4b0717200274c82/t/5b5c881888251bab886780aa/1532790887169/OYB_August17_2018_mixdown.mp3/original/OYB_August17_2018_mixdown.mp3,886000
172,"Daily Bible Reading - Saturday, August 18",http://static1.squarespace.com/static/520fcad6e4b0717200274c82/t/5b5c892188251bab88679ffc/1532791159482/OYB_August18_2018_mixdown.mp3/original/OYB_August18_2018_mixdown.mp3,1059000
173,"Daily Bible Reading - Friday, August 24",http://static1.squarespace.com/static/520fcad6e4b0717200274c82/t/5b7dbf4703ce64ec16b2aaf9/1534967733071/OYB_August24_2018_mixdown.mp3/original/OYB_August24_2018_mixdown.mp3,1129000
174,"Daily Bible Reading - Saturday, August 25",http://static1.squarespace.com/static/520fcad6e4b0717200274c82/t/5b7dc074cd836611b63ee4bb/1534968013330/OYB_August25_2018_mixdown.mp3/original/OYB_August25_2018_mixdown.mp3,913000
175,"Daily Bible Reading - Monday, August 27",http://static1.squarespace.com/static/520fcad6e4b0717200274c82/t/5b7dc2c5032be4fd52b6376a/1534968604286/OYB_August27_2018_mixdown.mp3/original/OYB_August27_2018_mixdown.mp3,920000
176,"Daily Bible Reading - Tuesday, August 28",http://static1.squarespace.com/static/520fcad6e4b0717200274c82/t/5b7dc3de88251b9ad5512120/1534968856923/OYB_August28_2018_mixdown.mp3/original/OYB_August28_2018_mixdown.mp3,747000
177,"Daily Bible Reading - Thursday, August 30",http://static1.squarespace.com/static/520fcad6e4b0717200274c82/t/5b872b744d7a9cdc9af86410/1535585194636/OYB_August30_2018_mixdown.mp3/original/OYB_August30_2018_mixdown.mp3,788000
178,"Daily Bible Reading - Friday, August 31",http://static1.squarespace.com/static/520fcad6e4b0717200274c82/t/5b872c8e4d7a9cdc9af86f88/1535585499577/OYB_August31_2018_mixdown.mp3/original/OYB_August31_2018_mixdown.mp3,897000
179,"Daily Bible Reading - Saturday, September 1",http://static1.squarespace.com/static/520fcad6e4b0717200274c82/t/5b898f321ae6cf8355c1f25e/1535741812670/OYB_September1_2018_mixdown.mp3/original/OYB_September1_2018_mixdown.mp3,813000
180,"Daily Bible Reading - Sunday, September 2",http://static1.squarespace.com/static/520fcad6e4b0717200274c82/t/5b89903a4fa51ac38ae14bee/1535742078461/OYB_September2_2018_mixdown.mp3/original/OYB_September2_2018_mixdown.mp3,830000
181,"Daily Bible Reading - Thursday, September 6",http://static1.squarespace.com/static/520fcad6e4b0717200274c82/t/5b902b3540ec9a38970ab966/1536174970083/OYB_September6_2018_mixdown.mp3/original/OYB_September6_2018_mixdown.mp3,797000
182,"Daily Bible Reading - Friday, September 7",http://static1.squarespace.com/static/520fcad6e4b0717200274c82/t/5b902c334d7a9ce1d5a01986/1536175230654/OYB_September7_2018_mixdown.mp3/original/OYB_September7_2018_mixdown.mp3,874000
183,"Daily Bible Reading - Monday, September 10",http://static1.squarespace.com/static/520fcad6e4b0717200274c82/t/5b902f0faa4a99b8c52cc950/1536175933392/OYB_September10_2018_mixdown.mp3/original/OYB_September10_2018_mixdown.mp3,654000
184,"Daily Bible Reading - Tuesday, September 11",http://static1.squarespace.com/static/520fcad6e4b0717200274c82/t/5b902fec70a6adb3c1bd6b6a/1536176175039/OYB_September11_2018_mixdown.mp3/original/OYB_September11_2018_mixdown.mp3,789000
185,"Daily Bible Reading - Wednesday, September 12",http://static1.squarespace.com/static/520fcad6e4b0717200274c82/t/5b90310970a6adb3c1bd7f88/1536176448230/OYB_September12_2018_mixdown.mp3/original/OYB_September12_2018_mixdown.mp3,811000
186,"Daily Bible Reading - Friday, September 14",http://static1.squarespace.com/static/520fcad6e4b0717200274c82/t/5b9815578a922d4e5cb49e11/1536693646428/OYB_September14_2018_mixdown.mp3/original/OYB_September14_2018_mixdown.mp3,859000
187,"Daily Bible Reading - Sunday, September 16",http://static1.squarespace.com/static/520fcad6e4b0717200274c82/t/5b9817751ae6cf9fac7d93aa/1536694191043/OYB_September16_2018_mixdown.mp3/original/OYB_September16_2018_mixdown.mp3,901000
188,"Daily Bible Reading - Tuesday, September 18",http://static1.squarespace.com/static/520fcad6e4b0717200274c82/t/5b981988aa4a9940aa737064/1536694733616/OYB_September18_2018_mixdown.mp3/original/OYB_September18_2018_mixdown.mp3,1019000
189,"Daily Bible Reading - Wednesday, September 19",http://static1.squarespace.com/static/520fcad6e4b0717200274c82/t/5b981a874ae237ed806e3cd2/1536694976739/OYB_September19_2018_mixdown.mp3/original/OYB_September19_2018_mixdown.mp3,893000
190,"Daily Bible Reading - Thursday, September 20",http://static1.squarespace.com/static/520fcad6e4b0717200274c82/t/5ba2b7b021c67c9e611c74f2/1537390592678/OYB_September20_2018_mixdown.mp3/original/OYB_September20_2018_mixdown.mp3,935000
191,"Daily Bible Reading - Friday, September 21",http://static1.squarespace.com/static/520fcad6e4b0717200274c82/t/5ba2b8bc758d46a874745af2/1537390863720/OYB_September21_2018_mixdown.mp3/original/OYB_September21_2018_mixdown.mp3,948000
192,"Daily Bible Reading - Monday, September 24",http://static1.squarespace.com/static/520fcad6e4b0717200274c82/t/5ba2bbdd352f53ded7c01e96/1537391663787/OYB_September24_2018_mixdown.mp3/original/OYB_September24_2018_mixdown.mp3,959000
193,"Daily Bible Reading - Tuesday, September 25",http://static1.squarespace.com/static/520fcad6e4b0717200274c82/t/5ba2bcf7aa4a9937bd421b8b/1537391924609/OYB_September25_2018_mixdown.mp3/original/OYB_September25_2018_mixdown.mp3,961000
194,"Daily Bible Reading - Thursday, September 27",http://static1.squarespace.com/static/520fcad6e4b0717200274c82/t/5baa8a9ee79c70c058025b44/1537903352926/OYB_September27_2018_mixdown.mp3/original/OYB_September27_2018_mixdown.mp3,1023000
195,"Daily Bible Reading - Friday, September 28",http://static1.squarespace.com/static/520fcad6e4b0717200274c82/t/5baa8bbd53450a8566d141bc/1537903629479/OYB_September28_2018_mixdown.mp3/original/OYB_September28_2018_mixdown.mp3,918000
196,"Daily Bible Reading - Saturday, September 29",http://static1.squarespace.com/static/520fcad6e4b0717200274c82/t/5baa8cee7817f7d6146426bf/1537903939605/OYB_September29_2018_mixdown.mp3/original/OYB_September29_2018_mixdown.mp3,1006000
197,"Daily Bible Reading - Monday, October 1",http://static1.squarespace.com/static/520fcad6e4b0717200274c82/t/5baa8f40a4222fa15f347ddd/1537904547180/OYB_October1_2018_mixdown.mp3/original/OYB_October1_2018_mixdown.mp3,1118000
198,"Daily Bible Reading - Tuesday, October 2",http://static1.squarespace.com/static/520fcad6e4b0717200274c82/t/5baa906724a69467b84029e9/1537904806799/OYB_October2_2018_mixdown.mp3/original/OYB_October2_2018_mixdown.mp3,737000
199,"Daily Bible Reading - Friday, October 5",http://static1.squarespace.com/static/520fcad6e4b0717200274c82/t/5bb51eb6a4222fbbca8f0026/1538596622826/OYB_October5_2018_mixdown.mp3/original/OYB_October5_2018_mixdown.mp3,1020000
200,"Daily Bible Reading - Sunday, October 7",http://static1.squarespace.com/static/520fcad6e4b0717200274c82/t/5bb520e3652dead51cf86143/1538597162440/OYB_October7_2018_mixdown.mp3/original/OYB_October7_2018_mixdown.mp3,863000
201,"Daily Bible Reading - Monday, October 8",http://static1.squarespace.com/static/520fcad6e4b0717200274c82/t/5bb521e724a6940b1fd5ea32/1538597431506/OYB_October8_2018_mixdown.mp3/original/OYB_October8_2018_mixdown.mp3,905000
202,"Daily Bible Reading - Tuesday, October 9",http://static1.squarespace.com/static/520fcad6e4b0717200274c82/t/5bb522f324a6940b1fd5fd13/1538597700102/OYB_October9_2018_mixdown.mp3/original/OYB_October9_2018_mixdown.mp3,968000
203,"Daily Bible Reading - Friday, October 12",http://static1.squarespace.com/static/520fcad6e4b0717200274c82/t/5bbfc1674785d399c1068a96/1539293591915/OYB_October12_2018_mixdown.mp3/original/OYB_October12_2018_mixdown.mp3,863000
204,"Daily Bible Reading - Saturday, October 13",http://static1.squarespace.com/static/520fcad6e4b0717200274c82/t/5bc105c5c830251290a96ee8/1539376637675/OYB_October13_2018_mixdown.mp3/original/OYB_October13_2018_mixdown.mp3,894000
205,"Daily Bible Reading - Sunday, October 14",http://static1.squarespace.com/static/520fcad6e4b0717200274c82/t/5bc13f2c15fcc00e13a28f42/1539391338260/OYB_October14_2018_mixdown.mp3/original/OYB_October14_2018_mixdown.mp3,1036000
206,"Daily Bible Reading - Monday, October 15",http://static1.squarespace.com/static/520fcad6e4b0717200274c82/t/5bc1403de4966bccb563aa97/1539391599463/OYB_October15_2018_mixdown.mp3/original/OYB_October15_2018_mixdown.mp3,832000
207,"Daily Bible Reading - Tuesday, October 16",http://static1.squarespace.com/static/520fcad6e4b0717200274c82/t/5bc1414353450a5777ca870c/1539391864827/OYB_October16_2018_mixdown.mp3/original/OYB_October16_2018_mixdown.mp3,946000
208,"Daily Bible Reading - Wednesday, October 17",http://static1.squarespace.com/static/520fcad6e4b0717200274c82/t/5bc142341905f4c1ac93dddd/1539392104339/OYB_October17_2018_mixdown.mp3/original/OYB_October17_2018_mixdown.mp3,800000
209,"Daily Bible Reading - Thursday, October 18",http://static1.squarespace.com/static/520fcad6e4b0717200274c82/t/5bc79a669140b7ecef1a51d5/1539807903574/OYB_October18_2018_mixdown.mp3/original/OYB_October18_2018_mixdown.mp3,1002000
210,"Daily Bible Reading - Friday, October 19",http://static1.squarespace.com/static/520fcad6e4b0717200274c82/t/5bc79b6e53450a102b3e2c3f/1539808159668/OYB_October19_2018_mixdown.mp3/original/OYB_October19_2018_mixdown.mp3,868000
211,"Daily Bible Reading - Saturday, October 20",http://static1.squarespace.com/static/520fcad6e4b0717200274c82/t/5bc79c6de2c4834307b65a8c/1539808458028/OYB_October20_2018_mixdown.mp3/original/OYB_October20_2018_mixdown.mp3,1046000
212,"Daily Bible Reading - Monday, October 22",http://static1.squarespace.com/static/520fcad6e4b0717200274c82/t/5bc79e8ac830259bf2b29c29/1539808976967/OYB_October22_2018_mixdown.mp3/original/OYB_October22_2018_mixdown.mp3,1122000
213,"Daily Bible Reading - Wednesday, October 24",http://static1.squarespace.com/static/520fcad6e4b0717200274c82/t/5bc7a08924a694226a363f33/1539809475345/OYB_October24_2018_mixdown.mp3/original/OYB_October24_2018_mixdown.mp3,980000
214,"Daily Bible Reading - Thursday, October 25",http://static1.squarespace.com/static/520fcad6e4b0717200274c82/t/5bd0cd1e4192025125b11705/1540410734309/OYB_October25_2018_mixdown.mp3/original/OYB_October25_2018_mixdown.mp3,1176000
215,"Daily Bible Reading - Friday, October 26",http://static1.squarespace.com/static/520fcad6e4b0717200274c82/t/5bd22a9cf4e1fc55a047d63b/1540500188646/OYB_October26_2018_mixdown.mp3/original/OYB_October26_2018_mixdown.mp3,1105000
216,"Daily Bible Reading - Saturday, October 27",http://static1.squarespace.com/static/520fcad6e4b0717200274c82/t/5bd22969e4966bed201b730c/1540499872958/OYB_October27_2018_mixdown.mp3/original/OYB_October27_2018_mixdown.mp3,833000
217,"Daily Bible Reading - Monday, October 29",http://static1.squarespace.com/static/520fcad6e4b0717200274c82/t/5bd22c97f9619ac58c96df61/1540500684816/OYB_October29_2018_mixdown.mp3/original/OYB_October29_2018_mixdown.mp3,883000
218,"Daily Bible Reading - Friday, November 2",http://static1.squarespace.com/static/520fcad6e4b0717200274c82/t/5bda1326b8a0458599bf058a/1541018461093/OYB_November2_2018_mixdown.mp3/original/OYB_November2_2018_mixdown.mp3,1002000
219,"Daily Bible Reading - Saturday, November 3",http://static1.squarespace.com/static/520fcad6e4b0717200274c82/t/5bda1418898583b78144afcd/1541018709466/OYB_November3_2018_mixdown.mp3/original/OYB_November3_2018_mixdown.mp3,907000
220,"Daily Bible Reading - Monday, November 5",http://static1.squarespace.com/static/520fcad6e4b0717200274c82/t/5bda161eb8a0458599bf3203/1541019222902/OYB_November5_2018_mixdown.mp3/original/OYB_November5_2018_mixdown.mp3,953000
221,"Daily Bible Reading - Thursday, November 8",http://static1.squarespace.com/static/520fcad6e4b0717200274c82/t/5be357e1758d46983097b6f1/1541625884497/OYB_November8_2018_mixdown.mp3/original/OYB_November8_2018_mixdown.mp3,744000
222,"Daily Bible Reading - Saturday, November 10",http://static1.squarespace.com/static/520fcad6e4b0717200274c82/t/5be359e6352f53f4ec07ceae/1541626393085/OYB_November10_2018_mixdown.mp3/original/OYB_November10_2018_mixdown.mp3,933000
223,"Daily Bible Reading - Sunday, November 11",http://static1.squarespace.com/static/520fcad6e4b0717200274c82/t/5be35ac9898583c2086ba474/1541626624526/OYB_November11_2018_mixdown.mp3/original/OYB_November11_2018_mixdown.mp3,923000
224,"Daily Bible Reading - Tuesday, November 13",http://static1.squarespace.com/static/520fcad6e4b0717200274c82/t/5be35c8021c67c6280e80f94/1541627062581/OYB_November13_2018_mixdown.mp3/original/OYB_November13_2018_mixdown.mp3,883000
225,"Daily Bible Reading - Wednesday, November 14",http://static1.squarespace.com/static/520fcad6e4b0717200274c82/t/5be35d65b8a045717de35802/1541627285675/OYB_November14_2018_mixdown.mp3/original/OYB_November14_2018_mixdown.mp3,847000
226,"Daily Bible Reading - Friday, November 16",http://static1.squarespace.com/static/520fcad6e4b0717200274c82/t/5bec8ed8575d1f7a18280d1e/1542229788342/OYB_November16_2018_mixdown.mp3/original/OYB_November16_2018_mixdown.mp3,1098000
227,"Daily Bible Reading - Saturday, November 17",http://static1.squarespace.com/static/520fcad6e4b0717200274c82/t/5bec8fc6aa4a992e9a0bd6b1/1542230002415/OYB_November17_2018_mixdown.mp3/original/OYB_November17_2018_mixdown.mp3,903000
228,"Daily Bible Reading - Sunday, November 18",http://static1.squarespace.com/static/520fcad6e4b0717200274c82/t/5bec90a521c67c9f67f17575/1542230235492/OYB_November18_2018_mixdown.mp3/original/OYB_November18_2018_mixdown.mp3,919000
229,"Daily Bible Reading - Tuesday, November 20",http://static1.squarespace.com/static/520fcad6e4b0717200274c82/t/5bec92621ae6cf2bb691f07f/1542230671105/OYB_November20_2018_mixdown.mp3/original/OYB_November20_2018_mixdown.mp3,791000
230,"Daily Bible Reading - Wednesday, November 21",http://static1.squarespace.com/static/520fcad6e4b0717200274c82/t/5bec934a21c67c9f67f1af7f/1542230895896/OYB_November21_2018_mixdown.mp3/original/OYB_November21_2018_mixdown.mp3,854000
231,"Daily Bible Reading - Thursday, November 22",http://static1.squarespace.com/static/520fcad6e4b0717200274c82/t/5bf5c6cbf950b77783c3b503/1542833941737/OYB_November21_2018_mixdown.mp3/original/OYB_November21_2018_mixdown.mp3,854000
232,"Daily Bible Reading - Saturday, November 24",http://static1.squarespace.com/static/520fcad6e4b0717200274c82/t/5bf5c918562fa7d6bd372e37/1542834536597/OYB_November24_2018_mixdown.mp3/original/OYB_November24_2018_mixdown.mp3,1012000
233,"Daily Bible Reading - Monday, November 26",http://static1.squarespace.com/static/520fcad6e4b0717200274c82/t/5bf5cc810e2e72227f4038a1/1542835391371/OYB_November26_2018_mixdown.mp3/original/OYB_November26_2018_mixdown.mp3,1105000
234,"Daily Bible Reading - Tuesday, November 27",http://static1.squarespace.com/static/520fcad6e4b0717200274c82/t/5bf5cd676d2a7340e45e7f21/1542835610338/OYB_November27_2018_mixdown.mp3/original/OYB_November27_2018_mixdown.mp3,833000
235,"Daily Bible Reading - Saturday, December 1",http://static1.squarespace.com/static/520fcad6e4b0717200274c82/t/5c0058f640ec9a97f9d7ba8d/1543526679498/OYB_December1_2018_mixdown.mp3/original/OYB_December1_2018_mixdown.mp3,575000
236,"Daily Bible Reading - Sunday, December 2",http://static1.squarespace.com/static/520fcad6e4b0717200274c82/t/5c0059ea03ce6416b8c04e71/1543526943133/OYB_December2_2018_mixdown.mp3/original/OYB_December2_2018_mixdown.mp3,883000
237,"Daily Bible Reading - Monday, December 3",http://static1.squarespace.com/static/520fcad6e4b0717200274c82/t/5c005ac5cd83662e8ed2b7dd/1543527149945/OYB_December3_2018_mixdown.mp3/original/OYB_December3_2018_mixdown.mp3,684000
238,"Daily Bible Reading - Wednesday, December 5",http://static1.squarespace.com/static/520fcad6e4b0717200274c82/t/5c005cadaa4a997ee9c80e58/1543527644384/OYB_December5_2018_mixdown.mp3/original/OYB_December5_2018_mixdown.mp3,753000
239,"Daily Bible Reading - Saturday, December 8",http://static1.squarespace.com/static/520fcad6e4b0717200274c82/t/5c0840af03ce645426b1570c/1544044780926/OYB_December8_2018_mixdown.mp3/original/OYB_December8_2018_mixdown.mp3,1065000
240,"Daily Bible Reading - Sunday, December 9",http://static1.squarespace.com/static/520fcad6e4b0717200274c82/t/5c0841820ebbe8086f8e2f7f/1544044991297/OYB_December9_2018_mixdown.mp3/original/OYB_December9_2018_mixdown.mp3,1094000
241,"Daily Bible Reading - Monday, December 10",http://static1.squarespace.com/static/520fcad6e4b0717200274c82/t/5c0842744d7a9c11deacbc58/1544045220970/OYB_December10_2018_mixdown.mp3/original/OYB_December10_2018_mixdown.mp3,800000
242,"Daily Bible Reading - Tuesday, December 11",http://static1.squarespace.com/static/520fcad6e4b0717200274c82/t/5c084352758d46b9411b1019/1544045448559/OYB_December11_2018_mixdown.mp3/original/OYB_December11_2018_mixdown.mp3,878000
243,"Daily Bible Reading - Wednesday, December 12",http://static1.squarespace.com/static/520fcad6e4b0717200274c82/t/5c084436352f532792f40790/1544045670688/OYB_December12_2018_mixdown.mp3/original/OYB_December12_2018_mixdown.mp3,766000
244,"Daily Bible Reading - Thursday, December 13",http://static1.squarespace.com/static/520fcad6e4b0717200274c82/t/5c0f0a18aa4a99f7e98a9e5a/1544489572314/OYB_December13_2018_mixdown.mp3/original/OYB_December13_2018_mixdown.mp3,561000
245,"Daily Bible Reading - Friday, December 14",http://static1.squarespace.com/static/520fcad6e4b0717200274c82/t/5c0f0b43758d46ceef97c3c7/1544489894642/OYB_December14_2018_mixdown.mp3/original/OYB_December14_2018_mixdown.mp3,752000
246,"Daily Bible Reading - Saturday, December 15",http://static1.squarespace.com/static/520fcad6e4b0717200274c82/t/5c0f0c4daa4a99f7e98abb41/1544490171635/OYB_December15_2018_mixdown.mp3/original/OYB_December15_2018_mixdown.mp3,943000
247,"Daily Bible Reading - Monday, December 17",http://static1.squarespace.com/static/520fcad6e4b0717200274c82/t/5c0f0f7ac2241bc51d274a05/1544490993111/OYB_December17_2018_mixdown.mp3/original/OYB_December17_2018_mixdown.mp3,891000
248,"Daily Bible Reading - Tuesday, December 18",http://static1.squarespace.com/static/520fcad6e4b0717200274c82/t/5c0f1341352f53457caa8e90/1544491914597/OYB_December18_2018_mixdown.mp3/original/OYB_December18_2018_mixdown.mp3,887000
249,"Daily Bible Reading - Wednesday, December 19",http://static1.squarespace.com/static/520fcad6e4b0717200274c82/t/5c0f11b3562fa7e00fa1e3ec/1544491556542/OYB_December19_2018_mixdown.mp3/original/OYB_December19_2018_mixdown.mp3,885000
250,"Daily Bible Reading - Thursday, December 20",http://static1.squarespace.com/static/520fcad6e4b0717200274c82/t/5c1ac9d24ae237c70a5ed39b/1545259545862/OYB_December20_2018_mixdown.mp3/original/OYB_December20_2018_mixdown.mp3,847000
251,"Daily Bible Reading - Friday, December 21",http://static1.squarespace.com/static/520fcad6e4b0717200274c82/t/5c1acad921c67c3cc812bea4/1545259786763/OYB_December21_2018_mixdown.mp3/original/OYB_December21_2018_mixdown.mp3,581000
252,"Daily Bible Reading - Saturday, December 22",http://static1.squarespace.com/static/520fcad6e4b0717200274c82/t/5c1acbd86d2a73e0bad1463a/1545260056780/OYB_December22_2018_mixdown.mp3/original/OYB_December22_2018_mixdown.mp3,584000
253,"Daily Bible Reading - Sunday, December 23",http://static1.squarespace.com/static/520fcad6e4b0717200274c82/t/5c1acccb2b6a28b3049721e4/1545260290974/OYB_December23_2018_mixdown.mp3/original/OYB_December23_2018_mixdown.mp3,603000
