Day_Number,Reading,Title,URL,Duration_(ms)
1,,Problem retrieving,http://oneyearbiblepodcast.com/daily-bible-reading/2017/1/1/daily-bible-reading-sunday-january-1,
2,,Problem retrieving,http://oneyearbiblepodcast.com/daily-bible-reading/2017/1/2/daily-bible-reading-monday-january-2,
3,,Problem retrieving,http://oneyearbiblepodcast.com/daily-bible-reading/2017/1/3/daily-bible-reading-tuesday-january-3,
4,,Problem retrieving,http://oneyearbiblepodcast.com/daily-bible-reading/2017/1/4/daily-bible-reading-wednesday-january-4,
5,GENESIS 11:1-13:4 | MATTHEW 5:1-26 | PSALM 5:1-12 | PROVERBS 1:24-28,"Daily Bible Reading - Thursday, January 5",http://static1.squarespace.com/static/520fcad6e4b0717200274c82/t/586d4305ebbd1a367d557c86/1483555677513/OYB_Jan5_2017_mixdown.mp3/original/OYB_Jan5_2017_mixdown.mp3,832000
6,,Problem retrieving,http://oneyearbiblepodcast.com/daily-bible-reading/2017/1/6/daily-bible-reading-friday-january-6,
7,,Problem retrieving,http://oneyearbiblepodcast.com/daily-bible-reading/2017/1/7/daily-bible-reading-saturday-january-7,
8,GENESIS 18:20-19:38 | MATTHEW 6:25-7:14 | PSALM 8:1-9 | PROVERBS 2:6-15,"Daily Bible Reading - Sunday, January 8",http://static1.squarespace.com/static/520fcad6e4b0717200274c82/t/58713c70197aea5ae689b837/1483816120377/OYB_Jan8_2017_mixdown.mp3/original/OYB_Jan8_2017_mixdown.mp3,831000
9,,Problem retrieving,http://oneyearbiblepodcast.com/daily-bible-reading/2017/1/9/daily-bible-reading-monday-january-9,
10,GENESIS 23:1-24:51 | MATTHEW 8:1-17 | PSALM 9:13-20 | PROVERBS 3:1-6,"Daily Bible Reading - Tuesday, January 10",http://static1.squarespace.com/static/520fcad6e4b0717200274c82/t/5873db3ccd0f6899ba063ea7/1483987829165/OYB_Jan10_2017_mixdown.mp3/original/OYB_Jan10_2017_mixdown.mp3,926000
11,,Problem retrieving,http://oneyearbiblepodcast.com/daily-bible-reading/2017/1/11/daily-bible-reading-wednesday-january-11,
12,,Problem retrieving,http://oneyearbiblepodcast.com/daily-bible-reading/2017/1/12/daily-bible-reading-thursday-january-12,
13,,Problem retrieving,http://oneyearbiblepodcast.com/daily-bible-reading/2017/1/13/daily-bible-reading-friday-january-13,
14,,Problem retrieving,http://oneyearbiblepodcast.com/daily-bible-reading/2017/1/14/daily-bible-reading-saturday-january-14,
15,,Problem retrieving,http://oneyearbiblepodcast.com/daily-bible-reading/2017/1/15/daily-bible-reading-sunday-january-15,
16,GENESIS 32:13-34:31 | MATTHEW 11:7-30 | PSALM 14:1-7 | PROVERBS 3:19-20,"Daily Bible Reading - Monday, January 16",http://static1.squarespace.com/static/520fcad6e4b0717200274c82/t/587bbe86e4fcb5433407f3d3/1484504791383/OYB_Jan16_2017_mixdown.mp3/original/OYB_Jan16_2017_mixdown.mp3,955000
17,GENESIS 35:1-36:43 | MATTHEW 12:1-21 | PSALM 15:1-5 | PROVERBS 3:21-26,"Daily Bible Reading - Tuesday, January 17",http://static1.squarespace.com/static/520fcad6e4b0717200274c82/t/587bc96c1b631b453a41257a/1484507578680/OYB_Jan17_2017_mixdown.mp3/original/OYB_Jan17_2017_mixdown.mp3,903000
18,,Problem retrieving,http://oneyearbiblepodcast.com/daily-bible-reading/2017/1/18/daily-bible-reading-wednesday-january-18,
19,,Problem retrieving,http://oneyearbiblepodcast.com/daily-bible-reading/2017/1/19/daily-bible-reading-thursday-january-19,
20,GENESIS 41:17-42:17 | MATTHEW 13:24-46 | PSALM 18:1-15 | PROVERBS 4:1-6,"Daily Bible Reading - Friday, January 20",http://static1.squarespace.com/static/520fcad6e4b0717200274c82/t/5880eb0eebbd1a18e87842f4/1484843858226/OYB_Jan20_2017_mixdown.mp3/original/OYB_Jan20_2017_mixdown.mp3,914000
21,GENESIS 42:18-43:34 | MATTHEW 13:47-14:12 | PSALM 18:16-36 | PROVERBS 4:7-10,"Daily Bible Reading - Saturday, January 21",http://static1.squarespace.com/static/520fcad6e4b0717200274c82/t/5880f429414fb59bc00b0168/1484846194306/OYB_Jan21_2017_mixdown.mp3/original/OYB_Jan21_2017_mixdown.mp3,951000
22,,Problem retrieving,http://oneyearbiblepodcast.com/daily-bible-reading/2017/1/22/daily-bible-reading-sunday-january-22,
23,GENESIS 46:1-47:31 | MATTHEW 15:1-28 | PSALM 19:1-14 | PROVERBS 4:14-19,"Daily Bible Reading - Monday, January 23",http://static1.squarespace.com/static/520fcad6e4b0717200274c82/t/5883810f5016e13d97b3d94d/1485013330453/OYB_Jan23_2017_mixdown.mp3/original/OYB_Jan23_2017_mixdown.mp3,1016000
24,GENESIS 48:1-49:33 | MATTHEW 15:29-16:12 | PSALM 20:1-9 | PROVERBS 4:20-27,"Daily Bible Reading - Tuesday, January 24",http://static1.squarespace.com/static/520fcad6e4b0717200274c82/t/58867385bf629a8b289efc88/1485206467838/OYB_Jan24_2017_mixdown.mp3/original/OYB_Jan24_2017_mixdown.mp3,853000
25,,Problem retrieving,http://oneyearbiblepodcast.com/daily-bible-reading/2017/1/25/daily-bible-reading-wednesday-january-25,
26,EXODUS 2:11-3:22 | MATTHEW 17:10-27 | PSALM 22:1-18 | PROVERBS 5:7-14,"Daily Bible Reading - Thursday, January 26",http://static1.squarespace.com/static/520fcad6e4b0717200274c82/t/5887b39dff7c50e616456615/1485288410771/OYB_Jan26_2017_mixdown.mp3/original/OYB_Jan26_2017_mixdown.mp3,766000
27,,Problem retrieving,http://oneyearbiblepodcast.com/daily-bible-reading/2017/1/27/daily-bible-reading-friday-january-27,
28,EXODUS 5:22-7:24 | MATTHEW 18:23-19:12 | PSALM 23:1-6 | PROVERBS 5:22-23,"Daily Bible Reading - Saturday, January 28 ",http://static1.squarespace.com/static/520fcad6e4b0717200274c82/t/58890d1c8419c2c283748d55/1485376855950/OYB_Jan28_2017_mixdown.mp3/original/OYB_Jan28_2017_mixdown.mp3,877000
29,EXODUS 7:25-9:35 | MATTHEW 19:13-30 | PSALM 24:1-10 | PROVERBS 6:1-5,"Daily Bible Reading - Sunday, January 29",http://static1.squarespace.com/static/520fcad6e4b0717200274c82/t/588bb34129687f855945eebb/1485550482074/OYB_Jan29_2017_mixdown.mp3/original/OYB_Jan29_2017_mixdown.mp3,996000
30,EXODUS 10:1-12:13 | MATTHEW 20:1-28 | PSALM 25:1-15 | PROVERBS 6:6-11,"Daily Bible Reading - Monday, January 30",http://static1.squarespace.com/static/520fcad6e4b0717200274c82/t/588bbef61b10e3ccbef9ed27/1485553472973/OYB_Jan30_2017_mixdown.mp3/original/OYB_Jan30_2017_mixdown.mp3,951000
31,EXODUS 12:14-13:16 | MATTHEW 20:29-21:22 | PSALM 25:16-22 | PROVERBS 6:12-15,"Daily Bible Reading - Tuesday, January 31",http://static1.squarespace.com/static/520fcad6e4b0717200274c82/t/588faa6fb8a79b36fa1298fe/1485810379248/OYB_Jan31_2017_mixdown.mp3/original/OYB_Jan31_2017_mixdown.mp3,880000
32,EXODUS 13:17-15:18 | MATTHEW 21:23-46 | PSALM 26:1-12 | PROVERBS 6:16-19,"Daily Bible Reading - Wednesday, February 1",http://static1.squarespace.com/static/520fcad6e4b0717200274c82/t/589157691b10e3abb98e0a98/1485920178540/OYB_Feb1_2017_mixdown.mp3/original/OYB_Feb1_2017_mixdown.mp3,903000
33,,Problem retrieving,http://oneyearbiblepodcast.com/daily-bible-reading/2017/2/2/daily-bible-reading-thursday-february-2,
34,EXODUS 17:8-19:15 | MATTHEW 22:34-23:12 | PSALM 27:7-14 | PROVERBS 6:27-35,"Daily Bible Reading - Friday, February 3",http://static1.squarespace.com/static/520fcad6e4b0717200274c82/t/589242698419c296c3c678e2/1485980334360/OYB_Feb3_2017_mixdown.mp3/original/OYB_Feb3_2017_mixdown.mp3,785000
35,,Problem retrieving,http://oneyearbiblepodcast.com/daily-bible-reading/2017/2/4/daily-bible-reading-saturday-february-4,
36,,Problem retrieving,http://oneyearbiblepodcast.com/daily-bible-reading/2017/2/5/daily-bible-reading-sunday-february-5,
37,EXODUS 23:14-25:40 | MATTHEW 24:29-51 | PSALM 30:1-12 | PROVERBS 7:24-27,"Daily Bible Reading - Monday, February 6",http://static1.squarespace.com/static/520fcad6e4b0717200274c82/t/5894d81db3db2b6ff1abff8d/1486149731023/OYB_Feb6_2017_mixdown.mp3/original/OYB_Feb6_2017_mixdown.mp3,996000
38,EXODUS 26:1-27:21 | MATTHEW 25:1-30 | PSALM 31:1-8 | PROVERBS 8:1-11,"Daily Bible Reading - Tuesday, February 7",http://static1.squarespace.com/static/520fcad6e4b0717200274c82/t/5898cdff1e5b6cd270ef180e/1486409278006/OYB_Feb7_2017_mixdown.mp3/original/OYB_Feb7_2017_mixdown.mp3,924000
39,EXODUS 28:1-43 | MATTHEW 25:31-26:13 | PSALM 31:9-18 | PROVERBS 8:12-13,"Daily Bible Reading - Wednesday, February 8",http://static1.squarespace.com/static/520fcad6e4b0717200274c82/t/589a42e7725e250f863f3d13/1486504733308/OYB_Feb8_2017_mixdown.mp3/original/OYB_Feb8_2017_mixdown.mp3,781000
40,EXODUS 29:1-30:10 | MATTHEW 26:14-46 | PSALM 31:19-24 | PROVERBS 8:14-26,"Daily Bible Reading - Thursday, February 9",http://static1.squarespace.com/static/520fcad6e4b0717200274c82/t/589b6bfc9f74568e065c7157/1486580792319/OYB_Feb9_2017_mixdown.mp3/original/OYB_Feb9_2017_mixdown.mp3,950000
41,EXODUS 32:1-33:23 | MATTHEW 26:69-27:14 | PSALM 33:1-11 | PROVERBS 8:33-36,"Daily Bible Reading - Friday, February 10",http://static1.squarespace.com/static/520fcad6e4b0717200274c82/t/589ce476e6f2e1bd3c820e91/1486677166676/OYB_Feb10_2017_mixdown.mp3/original/OYB_Feb10_2017_mixdown.mp3,725000
42,EXODUS 32:1-33:23 | MATTHEW 26:69-27:14 | PSALM 33:1-11 | PROVERBS 8:33-36,"Daily Bible Reading - Saturday, February 11",http://static1.squarespace.com/static/520fcad6e4b0717200274c82/t/589cf3bdd2b85721b3807b04/1486681079883/OYB_Feb11_2017_mixdown.mp3/original/OYB_Feb11_2017_mixdown.mp3,896000
43,EXODUS 34:1-35:9 | MATTHEW 27:15-31 | PSALM 33:12-22 | PROVERBS 9:1-6,"Daily Bible Reading - Sunday, February 12",http://static1.squarespace.com/static/520fcad6e4b0717200274c82/t/589f819259cc6819ca925841/1486848452858/OYB_Feb12_2017_mixdown.mp3/original/OYB_Feb12_2017_mixdown.mp3,713000
44,EXODUS 35:10-36:38 | MATTHEW 27:32-66 | PSALM 34:1-10 | PROVERBS 9:7-8,"Daily Bible Reading - Monday, February 13",http://static1.squarespace.com/static/520fcad6e4b0717200274c82/t/589f9202cd0f68e8d039278b/1486852668829/OYB_Feb13_2017_mixdown.mp3/original/OYB_Feb13_2017_mixdown.mp3,923000
45,,Problem retrieving,http://oneyearbiblepodcast.com/daily-bible-reading/2017/2/14/daily-bible-reading-tuesday-february-14,
46,,Problem retrieving,http://oneyearbiblepodcast.com/daily-bible-reading/2017/2/15/daily-bible-reading-wednesday-february-15,
47,,Problem retrieving,http://oneyearbiblepodcast.com/daily-bible-reading/2017/2/16/daily-bible-reading-thursday-february-16,
48,LEVITICUS 4:1-5:19 | MARK 2:13-3:6 | PSALM 36:1-12 | PROVERBS 10:1-2,"Daily Bible Reading - Friday, February 17",http://static1.squarespace.com/static/520fcad6e4b0717200274c82/t/58a4bd16414fb532745e66ee/1487191446687/OYB_Feb17_2017_mixdown.mp3/original/OYB_Feb17_2017_mixdown.mp3,918000
49,LEVITICUS 6:1-7:27 | MARK 3:7-30 | PSALM 37:1-11 | PROVERBS 10:3-4,"Daily Bible Reading - Saturday, February 18",http://static1.squarespace.com/static/520fcad6e4b0717200274c82/t/58a735cc3a0411988989eb09/1487353347889/OYB_Feb18_2017_mixdown.mp3/original/OYB_Feb18_2017_mixdown.mp3,805000
50,LEVITICUS 7:28-9:6 | MARK 3:31-4:25 | PSALM 37:12-29 | PROVERBS 10:5,"Daily Bible Reading - Sunday, February 19",http://static1.squarespace.com/static/520fcad6e4b0717200274c82/t/58a73e14197aea6d752e9b71/1487355468930/OYB_Feb19_2017_mixdown.mp3/original/OYB_Feb19_2017_mixdown.mp3,886000
51,LEVITICUS 9:7-10:20 | MARK 4:26-5:20 | PSALM 37:30-40 | PROVERBS 10:6-7,"Daily Bible Reading - Monday, February 20",http://static1.squarespace.com/static/520fcad6e4b0717200274c82/t/58a89cca5016e11d7e51fec1/1487445248038/OYB_Feb20_2017_mixdown.mp3/original/OYB_Feb20_2017_mixdown.mp3,775000
52,LEVITICUS 11:1-12:8 | MARK 5:21-43 | PSALM 38:1-22 | PROVERBS 10:8-9,"Daily Bible Reading - Tuesday, February 21",http://static1.squarespace.com/static/520fcad6e4b0717200274c82/t/58ab58276a4963c0a9723357/1487624286672/OYB_Feb21_2017_mixdown.mp3/original/OYB_Feb21_2017_mixdown.mp3,848000
53,LEVITICUS 13:1-59 | MARK 6:1-29 | PSALM 39:1-13 | PROVERBS 10:10,"Daily Bible Reading - Wednesday, February 22",http://static1.squarespace.com/static/520fcad6e4b0717200274c82/t/58ac91cd20099eebe39d07e7/1487704608442/OYB_Feb22_2017_mixdown.mp3/original/OYB_Feb22_2017_mixdown.mp3,972000
54,LEVITICUS 14:1-57 | MARK 6:30-56 | PSALM 40:1-10 | PROVERBS 10:11-12,"Daily Bible Reading - Thursday, February 23",http://static1.squarespace.com/static/520fcad6e4b0717200274c82/t/58addafc17bffc02d25fa05d/1487788881374/OYB_Feb23_2017_mixdown.mp3/original/OYB_Feb23_2017_mixdown.mp3,869000
55,,Problem retrieving,http://oneyearbiblepodcast.com/daily-bible-reading/2017/2/24/daily-bible-reading-friday-february-24,
56,LEVITICUS 16:29-18:30 | MARK 7:24-8:10 | PSALM 41:1-13 | PROVERBS 10:15-16,"Daily Bible Reading - Saturday, February 25",http://static1.squarespace.com/static/520fcad6e4b0717200274c82/t/58af3f103e00be55200ee67b/1487880004193/OYB_Feb25_2017_mixdown.mp3/original/OYB_Feb25_2017_mixdown.mp3,802000
57,,Problem retrieving,http://oneyearbiblepodcast.com/daily-bible-reading/2017/2/26/daily-bible-reading-sunday-february-26,
58,LEVITICUS 20:22-22:16 | MARK 9:1-29 | PSALM 43:1-5 | PROVERBS 10:18,"Daily Bible Reading - Monday, February 27",http://static1.squarespace.com/static/520fcad6e4b0717200274c82/t/58b1907b197aea63fbc5f557/1488031980173/OYB_Feb27_2017_mixdown.mp3/original/OYB_Feb27_2017_mixdown.mp3,736000
59,LEVITICUS 22:17-23:44 | MARK 9:30-10:12 | PSALM 44:1-8 | PROVERBS 10:19,"Daily Bible Reading - Tuesday, February 28",http://static1.squarespace.com/static/520fcad6e4b0717200274c82/t/58b480dadb29d62580df5e51/1488224615535/OYB_Feb28_2017_mixdown.mp3/original/OYB_Feb28_2017_mixdown.mp3,888000
60,LEVITICUS 24:1-25:46 | MARK 10:13-31 | PSALM 44:9-26 | PROVERBS 10:20-21,"Daily Bible Reading - Wednesday, March 1",http://static1.squarespace.com/static/520fcad6e4b0717200274c82/t/58b5cd35d482e9ebad96505d/1488309625402/OYB_Mar1_2017_mixdown.mp3/original/OYB_Mar1_2017_mixdown.mp3,888000
61,,Problem retrieving,http://oneyearbiblepodcast.com/daily-bible-reading/2017/3/2/daily-bible-reading-thursday-march-2,
62,LEVITICUS 27:14-NUMBERS 1:54 | MARK 11:1-25 | PSALM 46:1-11 | PROVERBS 10:23,"Daily Bible Reading - Friday, March 3",http://static1.squarespace.com/static/520fcad6e4b0717200274c82/t/58b74c49579fb3edf90639de/1488407714790/OYB_Mar3_2017_mixdown.mp3/original/OYB_Mar3_2017_mixdown.mp3,947000
63,,Problem retrieving,http://oneyearbiblepodcast.com/daily-bible-reading/2017/3/4/daily-bible-reading-saturday-march-4,
64,,Problem retrieving,http://oneyearbiblepodcast.com/daily-bible-reading/2017/3/5/daily-bible-reading-sunday-march-5,
65,,Problem retrieving,http://oneyearbiblepodcast.com/daily-bible-reading/2017/3/6/daily-bible-reading-monday-march-6,
66,NUMBERS 8:1-9:23 | MARK 13:14-37 | PSALM 50:1-23 | PROVERBS 10:29-30,"Daily Bible Reading - Tuesday, March 7",http://static1.squarespace.com/static/520fcad6e4b0717200274c82/t/58bdcd35ff7c50a1c82dff59/1488833895692/OYB_Mar7_2017_mixdown.mp3/original/OYB_Mar7_2017_mixdown.mp3,836000
67,NUMBERS 10:1-11:23 | MARK 14:1-21 | PSALM 51:1-19 | PROVERBS 10:31-32,"Daily Bible Reading - Wednesday, March 8",http://static1.squarespace.com/static/520fcad6e4b0717200274c82/t/58bf19b929687fb03f0c3c28/1488919049415/OYB_Mar8_2017_mixdown.mp3/original/OYB_Mar8_2017_mixdown.mp3,859000
68,NUMBERS 11:24-13:33 | MARK 14:22-52 | PSALM 52:1-9 | PROVERBS 11:1-3,"Daily Bible Reading - Thursday, March 9",http://static1.squarespace.com/static/520fcad6e4b0717200274c82/t/58bf262d414fb542366d8c6b/1488922229040/OYB_Mar9_2017_mixdown.mp3/original/OYB_Mar9_2017_mixdown.mp3,851000
69,,Problem retrieving,http://oneyearbiblepodcast.com/daily-bible-reading/2017/3/10/daily-bible-reading-friday-march-10,
70,NUMBERS 15:17-16:40 | MARK 15:1-47 | PSALM 54:1-7 | PROVERBS 11:5-6,"Daily Bible Reading - Saturday, March 11",http://static1.squarespace.com/static/520fcad6e4b0717200274c82/t/58c19651db29d6fb17b7171d/1489082018009/OYB_Mar11_2017_mixdown.mp3/original/OYB_Mar11_2017_mixdown.mp3,1026000
71,,Problem retrieving,http://oneyearbiblepodcast.com/daily-bible-reading/2017/3/12/daily-bible-reading-sunday-march-12,
72,NUMBERS 19:1-20:29 | LUKE 1:1-25 | PSALM 56:1-13 | PROVERBS 11:8,"Daily Bible Reading - Monday, March 13",http://static1.squarespace.com/static/520fcad6e4b0717200274c82/t/58c3598ce4fcb5898b182e06/1489197502601/OYB_Mar13_2017_mixdown.mp3/original/OYB_Mar13_2017_mixdown.mp3,809000
73,NUMBERS 21:1-22:20 | LUKE 1:26-56 | PSALM 57:1-11 | PROVERBS 11:9-11,"Daily Bible Reading - Tuesday, March 14",http://static1.squarespace.com/static/520fcad6e4b0717200274c82/t/58c6f43717bffc25cf668dec/1489433709727/OYB_Mar14_2017_mixdown.mp3/original/OYB_Mar14_2017_mixdown.mp3,827000
74,,Problem retrieving,http://oneyearbiblepodcast.com/daily-bible-reading/2017/3/15/daily-bible-reading-wednesday-march-15,
75,NUMBERS 24:1-25:18 | LUKE 2:1-35 | PSALM 59:1-17 | PROVERBS 11:14,"Daily Bible Reading - Thursday, March 16",http://static1.squarespace.com/static/520fcad6e4b0717200274c82/t/58c83e83197aeab4514edd5b/1489518265876/OYB_Mar16_2017_mixdown.mp3/original/OYB_Mar16_2017_mixdown.mp3,820000
76,,Problem retrieving,http://oneyearbiblepodcast.com/daily-bible-reading/2017/3/17/daily-bible-reading-friday-march-17,
77,,Problem retrieving,http://oneyearbiblepodcast.com/daily-bible-reading/2017/3/18/daily-bible-reading-saturday-march-18,
78,NUMBERS 28:16-29:40 | LUKE 3:23-38 | PSALM 62:1-12 | PROVERBS 11:18-19,"Daily Bible Reading - Sunday, March 19",http://static1.squarespace.com/static/520fcad6e4b0717200274c82/t/58cc53ffdb29d633eb5a1c73/1489785902475/OYB_Mar19_2017_mixdown.mp3/original/OYB_Mar19_2017_mixdown.mp3,754000
79,,Problem retrieving,http://oneyearbiblepodcast.com/daily-bible-reading/2017/3/20/daily-bible-reading-monday-march-20,
80,NUMBERS 32:1-33:39 | LUKE 4:31-5:11 | PSALM 64:1-10 | PROVERBS 11:22,"Daily Bible Reading - Tuesday, March 21",http://static1.squarespace.com/static/520fcad6e4b0717200274c82/t/58d0338ce58c6272b30ffb4d/1490039760825/OYB_Mar21_2017_mixdown.mp3/original/OYB_Mar21_2017_mixdown.mp3,920000
81,,Problem retrieving,http://oneyearbiblepodcast.com/daily-bible-reading/2017/3/22/daily-bible-reading-wednesday-march-22,
82,NUMBERS 36:1-DEUTERONOMY 1:46 | LUKE 5:29-6:11 | PSALM 66:1-20 | PROVERBS 11:24-26,"Daily Bible Reading - Thursday, March 23",http://static1.squarespace.com/static/520fcad6e4b0717200274c82/t/58d1a15bcd0f6829bde89481/1490133408470/OYB_Mar23_2017_mixdown.mp3/original/OYB_Mar23_2017_mixdown.mp3,947000
83,,Problem retrieving,http://oneyearbiblepodcast.com/daily-bible-reading/2017/3/24/daily-bible-reading-friday-march-24,
84,,Problem retrieving,http://oneyearbiblepodcast.com/daily-bible-reading/2017/3/25/daily-bible-reading-saturday-march-25,
85,DEUTERONOMY 5:1-6:25 | LUKE 7:11-35 | PSALM 68:19-35 | PROVERBS 11:29-31,"Daily Bible Reading - Sunday, March 26",http://static1.squarespace.com/static/520fcad6e4b0717200274c82/t/58d436cb5016e1bc225fdb0d/1490302759746/OYB_Mar26_2017_mixdown.mp3/original/OYB_Mar26_2017_mixdown.mp3,911000
86,,Problem retrieving,http://oneyearbiblepodcast.com/daily-bible-reading/2017/3/27/daily-bible-reading-monday-march-27,
87,DEUTERONOMY 9:1-10:22 | LUKE 8:4-21 | PSALM 69:19-36 | PROVERBS 12:2-3,"Daily Bible Reading - Tuesday, March 28",http://static1.squarespace.com/static/520fcad6e4b0717200274c82/t/58d958d715d5dbb1716999d4/1490639120574/OYB_Mar28_2017_mixdown.mp3/original/OYB_Mar28_2017_mixdown.mp3,845000
88,DEUTERONOMY 11:1-12:32 | LUKE 8:22-39 | PSALM 70:1-5 | PROVERBS 12:4,"Daily Bible Reading - Wednesday, March 29",http://static1.squarespace.com/static/520fcad6e4b0717200274c82/t/58da91fadb29d612cee1f5be/1490719278878/OYB_Mar29_2017_mixdown.mp3/original/OYB_Mar29_2017_mixdown.mp3,882000
89,DEUTERONOMY 13:1-15:23 | LUKE 8:40-9:6 | PSALM 71:1-24 | PROVERBS 12:5-7,"Daily Bible Reading - Thursday, March 30",http://static1.squarespace.com/static/520fcad6e4b0717200274c82/t/58da9d0ce6f2e10bc986809e/1490722124043/OYB_Mar30_2017_mixdown.mp3/original/OYB_Mar30_2017_mixdown.mp3,1040000
90,,Problem retrieving,http://oneyearbiblepodcast.com/daily-bible-reading/2017/3/31/daily-bible-reading-friday-march-31,
91,,Problem retrieving,http://oneyearbiblepodcast.com/daily-bible-reading/2017/4/1/daily-bible-reading-saturday-april-1,
92,DEUTERONOMY 21:1-22:30 | LUKE 9:51-10:12 | PSALM 74:1-23 | PROVERBS 12:11,"Daily Bible Reading - Sunday, April 2",http://static1.squarespace.com/static/520fcad6e4b0717200274c82/t/58ded263e6f2e1ae3cbb13de/1490997916690/OYB_Apr2_2017_mixdown.mp3/original/OYB_Apr2_2017_mixdown.mp3,888000
93,DEUTERONOMY 23:1-25:19 | LUKE 10:13-37 | PSALM 75:1-10 | PROVERBS 12:12-14,"Daily Bible Reading - Monday, April 3",http://static1.squarespace.com/static/520fcad6e4b0717200274c82/t/58dfc1e2d2b85723410e9dd5/1491059234971/OYB_Apr3_2017_mixdown.mp3/original/OYB_Apr3_2017_mixdown.mp3,966000
94,,Problem retrieving,http://oneyearbiblepodcast.com/daily-bible-reading/2017/4/4/daily-bible-reading-tuesday-april-4,
95,,Problem retrieving,http://oneyearbiblepodcast.com/daily-bible-reading/2017/4/5/daily-bible-reading-wednesday-april-5,
96,DEUTERONOMY 29:1-30:20 | LUKE 11:37-12:7 | PSALM 78:1-31 | PROVERBS 12:19-20,"Daily Bible Reading - Thursday, April 6",http://static1.squarespace.com/static/520fcad6e4b0717200274c82/t/58e3d262725e25ad99fb6471/1491325606458/OYB_Apr6_2017_mixdown.mp3/original/OYB_Apr6_2017_mixdown.mp3,956000
97,DEUTERONOMY 31:1-32:27 | LUKE 12:8-34 | PSALM 78:32-55 | PROVERBS 12:21-23,"Daily Bible Reading - Friday, April 7",http://static1.squarespace.com/static/520fcad6e4b0717200274c82/t/58e52b3c2994cafc033ef13f/1491413887423/OYB_Apr7_2017_mixdown.mp3/original/OYB_Apr7_2017_mixdown.mp3,994000
98,,Problem retrieving,http://oneyearbiblepodcast.com/daily-bible-reading/2017/4/8/daily-bible-reading-saturday-april-8,
99,DEUTERONOMY 33:1-29 | LUKE 13:1-21 | PSALM 78:65-72 | PROVERBS 12:25,"Daily Bible Reading - Sunday, April 9",http://static1.squarespace.com/static/520fcad6e4b0717200274c82/t/58e6b5a1893fc00ef8e6a2ed/1491514819754/OYB_Apr9_2017_mixdown.mp3/original/OYB_Apr9_2017_mixdown.mp3,566000
100,DEUTERONOMY 34:1-JOSHUA 2:24 | LUKE 13:22-14:6 | PSALM 79:1-13 | PROVERBS 12:26,"Daily Bible Reading - Monday, April 10",http://static1.squarespace.com/static/520fcad6e4b0717200274c82/t/58ea85cf03596efb322c6b46/1491764736622/OYB_Apr10_2017_mixdown.mp3/original/OYB_Apr10_2017_mixdown.mp3,883000
101,JOSHUA 3:1-4:24 | LUKE 14:7-35 | PSALM 80:1-19 | PROVERBS 12:27-28,"Daily Bible Reading - Tuesday, April 11",http://static1.squarespace.com/static/520fcad6e4b0717200274c82/t/58ea9092725e255182fbd145/1491767499183/OYB_Apr11_2017_mixdown.mp3/original/OYB_Apr11_2017_mixdown.mp3,836000
102,,Problem retrieving,http://oneyearbiblepodcast.com/daily-bible-reading/2017/4/12/daily-bible-reading-wednesday-april-12,
103,JOSHUA 7:16-9:2 | LUKE 16:1-18 | PSALM 82:1-8 | PROVERBS 13:2-3,"Daily Bible Reading - Thursday, April 13",http://static1.squarespace.com/static/520fcad6e4b0717200274c82/t/58ed2eb48419c2520302f807/1491939044013/OYB_Apr13_2017_mixdown.mp3/original/OYB_Apr13_2017_mixdown.mp3,832000
104,JOSHUA 9:3-10:43 | LUKE 16:19-17:10 | PSALM 83:1-18 | PROVERBS 13:4,"Daily Bible Reading - Friday, April 14",http://static1.squarespace.com/static/520fcad6e4b0717200274c82/t/58ed37e48419c252030661bd/1491941409101/OYB_Apr14_2017_mixdown.mp3/original/OYB_Apr14_2017_mixdown.mp3,1089000
105,,Problem retrieving,http://oneyearbiblepodcast.com/daily-bible-reading/2017/4/15/daily-bible-reading-saturday-april-15,
106,JOSHUA 13:1-14:15 | LUKE 18:1-17 | PSALM 85:1-13 | PROVERBS 13:7-8,"Daily Bible Reading - Sunday, April 16",http://static1.squarespace.com/static/520fcad6e4b0717200274c82/t/58efebcd1e5b6c9557573876/1492118520874/OYB_Apr16_2017_mixdown.mp3/original/OYB_Apr16_2017_mixdown.mp3,790000
107,JOSHUA 15:1-63 | LUKE 18:18-43 | PSALM 86:1-17 | PROVERBS 13:9-10,"Daily Bible Reading - Monday, April 17",http://static1.squarespace.com/static/520fcad6e4b0717200274c82/t/58f024c4d1758e9c136b6aed/1492133104408/OYB_Apr17_2017_mixdown.mp3/original/OYB_Apr17_2017_mixdown.mp3,802000
108,JOSHUA 16:1-18:28 | LUKE 19:1-27 | PSALM 87:1-7 | PROVERBS 13:11,"Daily Bible Reading - Tuesday, April 18 ",http://static1.squarespace.com/static/520fcad6e4b0717200274c82/t/58f57873440243d19aaccb02/1492482227214/OYB_Apr18_2017_mixdown.mp3/original/OYB_Apr18_2017_mixdown.mp3,955000
109,,Problem retrieving,http://oneyearbiblepodcast.com/daily-bible-reading/2017/4/19/daily-bible-reading-wednesday-april-19,
110,JOSHUA 21:1-22:20 | LUKE 20:1-26 | PSALM 89:1-13 | PROVERBS 13:15-16,"Daily Bible Reading - Thursday, April 20",http://static1.squarespace.com/static/520fcad6e4b0717200274c82/t/58f61c88440243d19ab35e11/1492524225966/OYB_Apr20_2017_mixdown.mp3/original/OYB_Apr20_2017_mixdown.mp3,992000
111,JOSHUA 22:21-23:16 | LUKE 20:27-47 | PSALM 89:14-37 | PROVERBS 13:17-19,"Daily Bible Reading - Friday, April 21",http://static1.squarespace.com/static/520fcad6e4b0717200274c82/t/58f6220b414fb5b5255f2530/1492525620015/OYB_Apr21_2017_mixdown.mp3/original/OYB_Apr21_2017_mixdown.mp3,703000
112,JOSHUA 24:1-33 | LUKE 21:1-28 | PSALM 89:38-52 | PROVERBS 13:20-23,"Daily Bible Reading - Saturday, April 22",http://static1.squarespace.com/static/520fcad6e4b0717200274c82/t/58fa75c603596e57be4de734/1492809197834/OYB_Apr22_2017_mixdown.mp3/original/OYB_Apr22_2017_mixdown.mp3,722000
113,JUDGES 1:1-2:9 | LUKE 21:29-22:13 | PSALM 90:1-9:16 | PROVERBS 13:24-25,"Daily Bible Reading - Sunday, April 23",http://static1.squarespace.com/static/520fcad6e4b0717200274c82/t/58fb868246c3c4c432f38ac3/1492879032647/OYB_Apr23_2017_mixdown.mp3/original/OYB_Apr23_2017_mixdown.mp3,856000
114,JOSHUA 2:10-3:31 | LUKE 22:14-34 | PSALM 92:1-93:5 | PROVERBS 14:1-2,"Daily Bible Reading - Monday, April 24",http://static1.squarespace.com/static/520fcad6e4b0717200274c82/t/58fce7cebf629ab224eea082/1492969469712/OYB_Apr24_2017_mixdown.mp3/original/OYB_Apr24_2017_mixdown.mp3,807000
115,,Problem retrieving,http://oneyearbiblepodcast.com/daily-bible-reading/2017/4/25/daily-bible-reading-tuesday-april-25,
116,,Problem retrieving,http://oneyearbiblepodcast.com/daily-bible-reading/2017/4/26/daily-bible-reading-wednesday-april-26,
117,JUDGES 7:1-8:17 | LUKE 23:13-43 | PSALM 97:1-98:9 | PROVERBS 14:7-8,"Daily Bible Reading - Thursday, April 27",http://static1.squarespace.com/static/520fcad6e4b0717200274c82/t/58ffa2a4a5790aca87106221/1493148416929/OYB_Apr27_2017_mixdown.mp3/original/OYB_Apr27_2017_mixdown.mp3,887000
118,,Problem retrieving,http://oneyearbiblepodcast.com/daily-bible-reading/2017/4/28/daily-bible-reading-friday-april-28,
119,,Problem retrieving,http://oneyearbiblepodcast.com/daily-bible-reading/2017/4/29/daily-bible-reading-saturday-april-29,
120,,Problem retrieving,http://oneyearbiblepodcast.com/daily-bible-reading/2017/4/30/daily-bible-reading-sunday-april-30,
121,,Problem retrieving,http://oneyearbiblepodcast.com/daily-bible-reading/2017/5/1/daily-bible-reading-monday-may-1,
122,,Problem retrieving,http://oneyearbiblepodcast.com/daily-bible-reading/2017/5/2/daily-bible-reading-tuesday-may-2,
123,JUDGES 17:1-18:31 | JOHN 3:1-21 | PSALM 104:1-23 | PROVERBS 14:20-21,"Daily Bible Reading - Wednesday, May 3",http://static1.squarespace.com/static/520fcad6e4b0717200274c82/t/5908b51617bffc913c63ebe0/1493742926601/OYB_May3_2017_mixdown.mp3/original/OYB_May3_2017_mixdown.mp3,859000
124,JUDGES 19:1-20:48 | JOHN 3:22-4:3 | PSALM 104:24-35 | PROVERBS 14:22-24,"Daily Bible Reading - Thursday, May 4",http://static1.squarespace.com/static/520fcad6e4b0717200274c82/t/5908c63a46c3c4e4cacec45c/1493747324044/OYB_May4_2017_mixdown.mp3/original/OYB_May4_2017_mixdown.mp3,1129000
125,JUDGES 21:1-RUTH 1:22 | JOHN 4:4-42 | PSALM 105:1-15 | PROVERBS 14:25,"Daily Bible Reading - Friday, May 5",http://static1.squarespace.com/static/520fcad6e4b0717200274c82/t/590a523ba5790a517c8cd55f/1493848688937/OYB_May5_2017_mixdown.mp3/original/OYB_May5_2017_mixdown.mp3,898000
126,RUTH 2:1-4:22 | JOHN 4:43-54 | PSALM 105:16-36 | PROVERBS 14:26-27,"Daily Bible Reading - Saturday, May 6",http://static1.squarespace.com/static/520fcad6e4b0717200274c82/t/590ba731e4fcb50ff47764bc/1493935976835/OYB_May6_2017_mixdown.mp3/original/OYB_May6_2017_mixdown.mp3,911000
127,,Problem retrieving,http://oneyearbiblepodcast.com/daily-bible-reading/2017/5/7/daily-bible-reading-sunday-may-7,
128,,Problem retrieving,http://oneyearbiblepodcast.com/daily-bible-reading/2017/5/8/daily-bible-reading-monday-may-8,
129,1 SAMUEL 5:1-7:17 | JOHN 6:1-21 | PSALM 106:13-31 | PROVERBS 14:32-33,"Daily Bible Reading - Tuesday, May 9",http://static1.squarespace.com/static/520fcad6e4b0717200274c82/t/590f7cfb15d5dbcc2c48546a/1494187312629/OYB_May9_2017_mixdown.mp3/original/OYB_May9_2017_mixdown.mp3,921000
130,1 SAMUEL 8:1-9:27 | JOHN 6:22-42 | PSALM 106:32-48 | PROVERBS 14:34-35,"Daily Bible Reading - Wednesday, May 10",http://static1.squarespace.com/static/520fcad6e4b0717200274c82/t/590f960ddb29d6aee92f822f/1494193724288/OYB_May10_2017_mixdown.mp3/original/OYB_May10_2017_mixdown.mp3,851000
131,1 SAMUEL 10:1-11:15 | JOHN 6:43-71 | PSALM 107:1-43 | PROVERBS 15:1-3,"Daily Bible Reading - Thursday, May 11",http://static1.squarespace.com/static/520fcad6e4b0717200274c82/t/5910cf2a6b8f5b27e1380a6d/1494273890653/OYB_May11_2017_mixdown.mp3/original/OYB_May11_2017_mixdown.mp3,1013000
132,1 SAMUEL 12:1-13:22 | JOHN 7:1-29 | PSALM 108:1-13 | PROVERBS 15:4,"Daily Bible Reading - Friday, May 12",http://static1.squarespace.com/static/520fcad6e4b0717200274c82/t/591315d8f7e0ab5a81102d5c/1494423053133/OYB_May12_2017_mixdown.mp3/original/OYB_May12_2017_mixdown.mp3,883000
133,1 SAMUEL 13:23-14:52 | JOHN 7:30-52 | PSALM 109:1-31 | PROVERBS 15:5-7,"Daily Bible Reading - Saturday, May 13",http://static1.squarespace.com/static/520fcad6e4b0717200274c82/t/591483caa5790a9b69dae929/1494516750092/OYB_May13_2017_mixdown.mp3/original/OYB_May13_2017_mixdown.mp3,1015000
134,1 SAMUEL 15:1-16:23 | JOHN 7:53-8:20 | PSALM 110:1-7 | PROVERBS 15:8-10,"Daily Bible Reading - Sunday, May 14",http://static1.squarespace.com/static/520fcad6e4b0717200274c82/t/5914a15dd482e95a9f272f65/1494524307451/OYB_May14_2017_mixdown.mp3/original/OYB_May14_2017_mixdown.mp3,898000
135,1 SAMUEL 17:1-18:4 | JOHN 8:21-30 | PSALM 111:1-10 | PROVERBS 15:11,"Daily Bible Reading - Monday, May 15",http://static1.squarespace.com/static/520fcad6e4b0717200274c82/t/59174231be659485a8c345fb/1494696544687/OYB_May15_2017_mixdown.mp3/original/OYB_May15_2017_mixdown.mp3,834000
136,1 SAMUEL 18:5-19:24 | JOHN 8:31-59 | PSALM 112:1-10 | PROVERBS 15:12-14,"Daily Bible Reading - Tuesday, May 16",http://static1.squarespace.com/static/520fcad6e4b0717200274c82/t/59175012e58c620d715cdb1d/1494700107058/OYB_May16_2017_mixdown.mp3/original/OYB_May16_2017_mixdown.mp3,888000
137,1 SAMUEL 20:1-21:15 | JOHN 9:1-41 | PSALM 113:1-114:8 | PROVERBS 15:15-17,"Daily Bible Reading - Wednesday, May 17",http://static1.squarespace.com/static/520fcad6e4b0717200274c82/t/59188ad5440243708841aec7/1494780692716/OYB_May17_2017_mixdown.mp3/original/OYB_May17_2017_mixdown.mp3,1069000
138,1 SAMUEL 22:1-23:29 | JOHN 10:1-21 | PSALM 115:1-18 | PROVERBS 15:18-19,"Daily Bible Reading - Thursday, May 18",http://static1.squarespace.com/static/520fcad6e4b0717200274c82/t/5918cbe7197aeaa5f499a273/1494797339324/OYB_May18_2017_mixdown.mp3/original/OYB_May18_2017_mixdown.mp3,892000
139,,Problem retrieving,http://oneyearbiblepodcast.com/daily-bible-reading/2017/5/19/daily-bible-reading-friday-may-19,
140,,Problem retrieving,http://oneyearbiblepodcast.com/daily-bible-reading/2017/5/20/daily-bible-reading-saturday-may-20,
141,1 SAMUEL 29:1-31:13 | JOHN 11:54-12:19 | PSALM 118:1-18 | PROVERBS 15:24-26,"Daily Bible Reading - Sunday, May 21",http://static1.squarespace.com/static/520fcad6e4b0717200274c82/t/591ca13be4fcb5aa9bd3ad59/1495048562717/OYB_May21_2017_mixdown.mp3/original/OYB_May21_2017_mixdown.mp3,952000
142,,Problem retrieving,http://oneyearbiblepodcast.com/daily-bible-reading/2017/5/22/daily-bible-reading-monday-may-22,
143,,Problem retrieving,http://oneyearbiblepodcast.com/daily-bible-reading/2017/5/23/daily-bible-reading-tuesday-may-23,
144,2 SAMUEL 4:1-6:23 | JOHN 13:31-14:14 | PSALM 119:17-32 | PROVERBS 15:31-32,"Daily Bible Reading - Wednesday, May 24",http://static1.squarespace.com/static/520fcad6e4b0717200274c82/t/591f349fa5790ae1bb6737cf/1495217372684/OYB_May24_2017_mixdown.mp3/original/OYB_May24_2017_mixdown.mp3,951000
145,2 SAMUEL 7:1-8:18 | JOHN 14:15-31 | PSALM 119:33-48 | PROVERBS 15:33,"Daily Bible Reading - Thursday, May 25",http://static1.squarespace.com/static/520fcad6e4b0717200274c82/t/591f5852db29d6247b80492a/1495226502658/OYB_May25_2017_mixdown.mp3/original/OYB_May25_2017_mixdown.mp3,778000
146,2 SAMUEL 9:1-11:27 | JOHN 15:1-27 | PSALM 119:49-64 | PROVERBS 16:1-3,"Daily Bible Reading - Friday, May 26",http://static1.squarespace.com/static/520fcad6e4b0717200274c82/t/5921d88ad1758e2fd5cc99d1/1495390409109/OYB_May26_2017_mixdown.mp3/original/OYB_May26_2017_mixdown.mp3,1021000
147,2 SAMUEL 12:1-31 | JOHN 16:1-33 | PSALM 119:65-80 | PROVERBS 16:4-5,"Daily Bible Reading - Saturday, May 27",http://static1.squarespace.com/static/520fcad6e4b0717200274c82/t/59233acc59cc68e768b5aa94/1495481083965/OYB_May27_2017_mixdown.mp3/original/OYB_May27_2017_mixdown.mp3,799000
148,,Problem retrieving,http://oneyearbiblepodcast.com/daily-bible-reading/2017/5/28/daily-bible-reading-sunday-may-28,
149,2 SAMUEL 14:1-15:22 | JOHN 18:1-24 | PSALM 119:97-112 | PROVERBS 16:8-9,"Daily Bible Reading - Monday, May 29",http://static1.squarespace.com/static/520fcad6e4b0717200274c82/t/59246d34e6f2e1b3283fb8cd/1495559545274/OYB_May29_2017_mixdown.mp3/original/OYB_May29_2017_mixdown.mp3,983000
150,2 SAMUEL 15:23-16:23 | JOHN 18:25-19:22 | PSALM 119:113-128 | PROVERBS 16:10-11,"Daily Bible Reading - Tuesday, May 30",http://static1.squarespace.com/static/520fcad6e4b0717200274c82/t/5924f220c534a5b20608df1b/1495593559010/OYB_May30_2017_mixdown.mp3/original/OYB_May30_2017_mixdown.mp3,930000
151,2 SAMUEL 17:1-29 | JOHN 19:23-42 | PSALM 119:129-152 | PROVERBS 16:12-13,"Daily Bible Reading - Wednesday, May 31",http://static1.squarespace.com/static/520fcad6e4b0717200274c82/t/592597d5197aea3c30fcef57/1495635976415/OYB_May31_2017_mixdown.mp3/original/OYB_May31_2017_mixdown.mp3,737000
152,2 SAMUEL 18:1-19:10 | JOHN 20:1-31 | PSALM 119:153-176 | PROVERBS 16:14-15,"Daily Bible Reading - Thursday, June 1",http://static1.squarespace.com/static/520fcad6e4b0717200274c82/t/59259698f7e0ab427ebc0504/1495635665514/OYB_Jun1_2017_mixdown.mp3/original/OYB_Jun1_2017_mixdown.mp3,981000
153,,Problem retrieving,http://oneyearbiblepodcast.com/daily-bible-reading/2017/6/2/daily-bible-reading-friday-june-2,
154,2 SAMUEL 20:14-22:20 | ACTS 1:1-26 | PSALM 12:1-8 | PROVERBS 16:18,"Daily Bible Reading - Saturday, June 3",http://static1.squarespace.com/static/520fcad6e4b0717200274c82/t/5925b3916a4963151052a9ef/1495643079982/OYB_June3_2017_mixdown.mp3/original/OYB_June3_2017_mixdown.mp3,890000
155,2 SAMUEL 22:21-23:23 | ACTS 2:1-47 | PSALM 122:1-9 | PROVERBS 16:19-20,"Daily Bible Reading - Sunday, June 4",http://static1.squarespace.com/static/520fcad6e4b0717200274c82/t/5925d27ce6f2e14aee4472a2/1495650993229/OYB_June4_2017_mixdown.mp3/original/OYB_June4_2017_mixdown.mp3,963000
156,,Problem retrieving,http://oneyearbiblepodcast.com/daily-bible-reading/2017/6/5/daily-bible-reading-monday-june-5,
157,1 KINGS 1:1-53 | ACTS 4:1-37 | PSALM 124:1-8 | PROVERBS 16:24,"Daily Bible Reading - Tuesday, June 6",http://static1.squarespace.com/static/520fcad6e4b0717200274c82/t/5925ec9d414fb5cf635842f1/1495657684480/OYB_June6_2017_mixdown.mp3/original/OYB_June6_2017_mixdown.mp3,997000
158,1 KINGS 2:1-3:3 | ACTS 5:1-42 | PSALM 125:1-5 | PROVERBS 16:25,"Daily Bible Reading - Wednesday, June 7",http://static1.squarespace.com/static/520fcad6e4b0717200274c82/t/5925f4b0c534a5631153db8e/1495659754294/OYB_June7_2017_mixdown.mp3/original/OYB_June7_2017_mixdown.mp3,1051000
159,,Problem retrieving,http://oneyearbiblepodcast.com/daily-bible-reading/2017/6/8/daily-bible-reading-thursday-june-8,
160,,Problem retrieving,http://oneyearbiblepodcast.com/daily-bible-reading/2017/6/9/daily-bible-reading-friday-june-9,
161,1 KINGS 7:1-51 | ACTS 7:30-50 | PSALM 128:1-6 | PROVERBS 16:31-33,"Daily Bible Reading - Saturday, June 10",http://static1.squarespace.com/static/520fcad6e4b0717200274c82/t/593ad1628419c23732e3b628/1497026970677/OYB_June10_2017_mixdown.mp3/original/OYB_June10_2017_mixdown.mp3,880000
162,,Problem retrieving,http://oneyearbiblepodcast.com/daily-bible-reading/2017/6/11/daily-bible-reading-sunday-june-11,
163,,Problem retrieving,http://oneyearbiblepodcast.com/daily-bible-reading/2017/6/12/daily-bible-reading-monday-june-12,
164,1 KINGS 11:1-12:19 | ACTS 9:1-25 | PSALM 131:1-3 | PROVERBS 17:4-5,"Daily Bible Reading - Tuesday, June 13",http://static1.squarespace.com/static/520fcad6e4b0717200274c82/t/593ee9d717bffcd51d3f74c6/1497295388024/OYB_June13_2017_mixdown.mp3/original/OYB_June13_2017_mixdown.mp3,960000
165,,Problem retrieving,http://oneyearbiblepodcast.com/daily-bible-reading/2017/6/14/daily-bible-reading-wednesday-june-14,
166,,Problem retrieving,http://oneyearbiblepodcast.com/daily-bible-reading/2017/6/15/daily-bible-reading-thursday-june-15,
167,,Problem retrieving,http://oneyearbiblepodcast.com/daily-bible-reading/2017/6/16/daily-bible-reading-friday-june-16,
168,1 KINGS 18:1-46 | ACTS 11:1-30 | PSALM 135:1-21 | PROVERBS 17:12-13,"Daily Bible Reading - Saturday, June 17",http://static1.squarespace.com/static/520fcad6e4b0717200274c82/t/5942cb6d46c3c45a02442d98/1497549746544/OYB_June17_2017_mixdown.mp3/original/OYB_June17_2017_mixdown.mp3,920000
169,,Problem retrieving,http://oneyearbiblepodcast.com/daily-bible-reading/2017/6/18/daily-bible-reading-sunday-june-18,
170,1 KINGS 20:1-21:29 | ACTS 12:24-13:15 | PSALM 137:1-9 | PROVERBS 17:16,"Daily Bible Reading - Monday, June 19",http://static1.squarespace.com/static/520fcad6e4b0717200274c82/t/594425cb440243962dce9b50/1497638411228/OYB_June19_2017_mixdown.mp3/original/OYB_June19_2017_mixdown.mp3,1073000
171,,Problem retrieving,http://oneyearbiblepodcast.com/daily-bible-reading/2017/6/20/daily-bible-reading-tuesday-june-20,
172,2 KINGS 1:1-2:25 | ACTS 13:42-14:7 | PSALM 139:1-24 | PROVERBS 17:19-21,"Daily Bible Reading - Wednesday, June 21",http://static1.squarespace.com/static/520fcad6e4b0717200274c82/t/5946cf3ce4fcb54c21fb90e8/1497812851707/OYB_June21_2017_mixdown.mp3/original/OYB_June21_2017_mixdown.mp3,879000
173,2 KINGS 3:1-4:17 | ACTS 14:8-28 | PSALM 140:1-13 | PROVERBS 17:22,"Daily Bible Reading - Thursday, June 22",http://static1.squarespace.com/static/520fcad6e4b0717200274c82/t/5946e31420099ea20228bc32/1497817918369/OYB_June22_2017_mixdown.mp3/original/OYB_June22_2017_mixdown.mp3,768000
174,2 KINGS 4:18-5:27 | ACTS 15:1-35 | PSALM 141:1-10 | PROVERBS 17:23,"Daily Bible Reading - Friday, June 23",http://static1.squarespace.com/static/520fcad6e4b0717200274c82/t/59491155d2b8576682a49752/1497960849588/OYB_June23_2017_mixdown.mp3/original/OYB_June23_2017_mixdown.mp3,1035000
175,2 KINGS 6:1-7:20 | ACTS 15:36-16:15 | PSALM 142:1-7 | PROVERBS 17:24-25,"Daily Bible Reading - Saturday, June 24",http://static1.squarespace.com/static/520fcad6e4b0717200274c82/t/59497bf703596e8943a85aab/1497988148055/OYB_June24_2017_mixdown.mp3/original/OYB_June24_2017_mixdown.mp3,902000
176,2 KINGS 8:1-9:13 | ACTS 16:16-40 | PSALM 143:1-12 | PROVERBS 17:26,"Daily Bible Reading - Sunday, June 25",http://static1.squarespace.com/static/520fcad6e4b0717200274c82/t/594adc74d1758e19a10d485a/1498078373496/OYB_June25_2017_mixdown.mp3/original/OYB_June25_2017_mixdown.mp3,858000
177,,Problem retrieving,http://oneyearbiblepodcast.com/daily-bible-reading/2017/6/26/daily-bible-reading-monday-june-26,
178,2 KINGS 10:32 - 12:21 | ACTS 18:1-22 | PSALM 145:1-21 | PROVERBS 18:1,"Daily Bible Reading - Tuesday, June 27",http://static1.squarespace.com/static/520fcad6e4b0717200274c82/t/594d44661b631b439d597a6d/1498236059646/OYB_June27_2017_mixdown.mp3/original/OYB_June27_2017_mixdown.mp3,914000
179,,Problem retrieving,http://oneyearbiblepodcast.com/daily-bible-reading/2017/6/28/daily-bible-reading-wednesday-june-28,
180,2 KINGS 15:1-16:20 | ACTS 19:13-41 | PSALM 147:1-20 | PROVERBS 18:4-5,"Daily Bible Reading - Thursday, June 29",http://static1.squarespace.com/static/520fcad6e4b0717200274c82/t/594ec89829687fb89aec2cd3/1498335450974/OYB_June29_2017_mixdown.mp3/original/OYB_June29_2017_mixdown.mp3,1109000
181,2 KINGS 17:1-18:12 | ACTS 20:1-38 | PSALM 148:1-14 | PROVERBS 18:6-7,"Daily Bible Reading - Friday, June 30",http://static1.squarespace.com/static/520fcad6e4b0717200274c82/t/5951939fb8a79b8139e705a1/1498518498530/OYB_June30_2017_mixdown.mp3/original/OYB_June30_2017_mixdown.mp3,1041000
182,2 KINGS 18:13-19:37 | ACTS 21:1-16 | PSALM 149:1-9 | PROVERBS 18:8,"Daily Bible Reading - Saturday, July 1",http://static1.squarespace.com/static/520fcad6e4b0717200274c82/t/5952b92ddb29d6479de88375/1498593634233/OYB_July1_2017_mixdown.mp3/original/OYB_July1_2017_mixdown.mp3,970000
183,2 KINGS 20:1-22:2 | ACTS 21:17-36 | PSALM 150:1-6 | PROVERBS 18:9-10,"Daily Bible Reading - Sunday, July 2",http://static1.squarespace.com/static/520fcad6e4b0717200274c82/t/5953f20e6a4963ff89717a26/1498673725821/OYB_July2_2017_mixdown.mp3/original/OYB_July2_2017_mixdown.mp3,794000
184,,Problem retrieving,http://oneyearbiblepodcast.com/daily-bible-reading/2017/7/3/daily-bible-reading-monday-july-3,
185,2 KINGS 23:31-25:30 | ACTS 22:17-23:10 | PSALM 2:1-12 | PROVERBS 18:13,"Daily Bible Reading - Tuesday, July 4",http://static1.squarespace.com/static/520fcad6e4b0717200274c82/t/59555b4e44024313f2fca249/1498766215371/OYB_July4_2017_mixdown.mp3/original/OYB_July4_2017_mixdown.mp3,999000
186,,Problem retrieving,http://oneyearbiblepodcast.com/daily-bible-reading/2017/7/5/daily-bible-reading-wednesday-july-5,
187,1 CHRONICLES 2:18-4:4 | ACTS 24:1-27 | PSALMS 4:1-8 | PROVERBS 18:16-18,"Daily Bible Reading - Thursday, July 6",http://static1.squarespace.com/static/520fcad6e4b0717200274c82/t/5957f51bbf629a17ab4e9d82/1498936661905/OYB_July6_2017_mixdown.mp3/original/OYB_July6_2017_mixdown.mp3,868000
188,,Problem retrieving,http://oneyearbiblepodcast.com/daily-bible-reading/2017/7/7/daily-bible-reading-friday-july-7,
189,1 CHRONICLES 5:18-6:81 | ACTS 26:1-32 | PSALM 6:1-10 | PROVERBS 18:20-21,"Daily Bible Reading - Saturday, July 8",http://static1.squarespace.com/static/520fcad6e4b0717200274c82/t/595be75cff7c50120bde5050/1499195306652/OYB_July8_2017_mixdown.mp3/original/OYB_July8_2017_mixdown.mp3,1084000
190,1 CHRONICLES 7:1-8:40 | ACTS 27:1-20 | PSALM 7:1-17 | PROVERBS 18:22,"Dialy BIble Reading - Sunday, July 9",http://static1.squarespace.com/static/520fcad6e4b0717200274c82/t/595c3c47099c0165c8283afa/1499217033628/OYB_July9_2017_mixdown.mp3/original/OYB_July9_2017_mixdown.mp3,996000
191,,Problem retrieving,http://oneyearbiblepodcast.com/daily-bible-reading/2017/7/10/daily-bible-reading-monday-july-10,
192,,Problem retrieving,http://oneyearbiblepodcast.com/daily-bible-reading/2017/7/11/daily-bible-reading-tuesday-july-11,
193,1 CHRONICLES 12:19-14:17 | ROMANS 1:1-17 | PSALM 9:13-20 | PROVERBS 19:4-5,"Daily Bible Reading - Wednesday, July 12",http://static1.squarespace.com/static/520fcad6e4b0717200274c82/t/595fce6920099e9d1fa6c4a1/1499451028253/OYB_July12_2017_mixdown.mp3/original/OYB_July12_2017_mixdown.mp3,763000
194,,Problem retrieving,http://oneyearbiblepodcast.com/daily-bible-reading/2017/7/13/daily-bible-reading-thursday-july-13,
195,1 CHRONICLES 16:37-18:17 | ROMANS 2:1-24 | PSALM 10:16-18 | PROVERBS 19:8-9,"Daily Bible Reading - Friday, July 14",http://static1.squarespace.com/static/520fcad6e4b0717200274c82/t/5962962444024329a4dd6c18/1499633242262/OYB_July14_2017_mixdown.mp3/original/OYB_July14_2017_mixdown.mp3,777000
196,,Problem retrieving,http://oneyearbiblepodcast.com/daily-bible-reading/2017/7/15/daily-bible-reading-saturday-july-15,
197,1 CHRONICLES 22:1-23:32 | ROMANS 3:9-31 | PSALM 12:1-8 | PROVERBS 19:13-14,"Daily Bible Reading - Sunday, July 16",http://static1.squarespace.com/static/520fcad6e4b0717200274c82/t/5963f349cd0f68cd52bf2730/1499722611198/OYB_July16_2017_mixdown.mp3/original/OYB_July16_2017_mixdown.mp3,760000
198,1 CHRONICLES 24:1-26:11 | ROMANS 4:1-12 | PSALM 13:1-6 | PROVERBS 19:15-16,"Daily Bible Reading - Monday, July 17",http://static1.squarespace.com/static/520fcad6e4b0717200274c82/t/5966831046c3c4aaf388ea96/1499890493283/OYB_July17_2017_mixdown.mp3/original/OYB_July17_2017_mixdown.mp3,776000
199,1 CHRONICLES 26:12-27:34 | ROMANS 4:13-5:5 | PSALM 14:1-7 | PROVERBS 19:17,"Daily Bible Reading - Tuesday, July 18",http://static1.squarespace.com/static/520fcad6e4b0717200274c82/t/59668a8203596e01751b8382/1499892407325/OYB_July18_2017_mixdown.mp3/original/OYB_July18_2017_mixdown.mp3,803000
200,1 CHRONICLES 28:1-29:30 | ROMANS 5:6-21 | PSALM 15:1-5 | PROVERBS 19:18-19,"Daily Bible Reading - Wednesday, July 19",http://static1.squarespace.com/static/520fcad6e4b0717200274c82/t/5967de143a0411d5a2879226/1499979333851/OYB_July19_2017_mixdown.mp3/original/OYB_July19_2017_mixdown.mp3,891000
201,2 CHRONICLES 1:1-3:17 | ROMANS 6:1-23 | PSALM 16:1-11 | PROVERBS 19:20-21,"Daily Bible Reading - Thursday, July 20",http://static1.squarespace.com/static/520fcad6e4b0717200274c82/t/596bbc4bcd39c3a76bf1fc4e/1500232833749/OYB_July20_2017_mixdown.mp3/original/OYB_July20_2017_mixdown.mp3,889000
202,2 CHRONICLES 4:1-6:11 | ROMANS 7:1-13 | PSALM 17:1-15 | PROVERBS 19:22-23,"Daily Bible Reading - Friday, July 21",http://static1.squarespace.com/static/520fcad6e4b0717200274c82/t/596bddb0e4fcb5edd0e7aef9/1500241374969/OYB_July21_2017_mixdown.mp3/original/OYB_July21_2017_mixdown.mp3,793000
203,2 CHRONICLES 6:12-8:10 | ROMANS 7:14-8:8 | PSALM 18:1-15 | PROVERBS 19:24-25,"Daily Bible Reading - Saturday, July 22",http://static1.squarespace.com/static/520fcad6e4b0717200274c82/t/596d1b27f5e231ec613833ed/1500322673127/OYB_July22_2017_mixdown.mp3/original/OYB_July22_2017_mixdown.mp3,1095000
204,2 CHRONICLES 8:11-10:19 | ROMANS 8:9-21 | PSALM 18:16-36 | PROVERBS 19:26,"Daily Bible Reading - Sunday, July 23",http://static1.squarespace.com/static/520fcad6e4b0717200274c82/t/59726ecc17bffc2161b56154/1500671762441/OYB_July23_2017_mixdown.mp3/original/OYB_July23_2017_mixdown.mp3,942000
205,2 CHRONICLES 11:1-13:22 | ROMANS 8:22-39 | PSALM 18:37-50 | PROVERBS 19:27-29,"Daily Bible Reading - Monday, July 24",http://static1.squarespace.com/static/520fcad6e4b0717200274c82/t/597276d6ff7c50d71caaa656/1500673810137/OYB_July24_2017_mixdown.mp3/original/OYB_July24_2017_mixdown.mp3,948000
206,2 CHRONICLES 14:1-16:14 | ROMANS 9:1-21 | PSALM 19:1-14 | PROVERBS 20:1,"Daily Bible Reading - Tuesday, July 25",http://static1.squarespace.com/static/520fcad6e4b0717200274c82/t/59736ecc3e00be4843de4166/1500737275877/OYB_July25_2017_mixdown.mp3/original/OYB_July25_2017_mixdown.mp3,878000
207,,Problem retrieving,http://oneyearbiblepodcast.com/daily-bible-reading/2017/7/26/daily-bible-reading-wednesday-july-26,
208,,Problem retrieving,http://oneyearbiblepodcast.com/daily-bible-reading/2017/7/27/daily-bible-reading-thursday-july-27,
209,2 CHRONICLES 21:1-23:21 | ROMANS 11:13-36 | PSALM 22:1-18 | PROVERBS 20:7,"Daily Bible Reading - Friday, July 28",http://static1.squarespace.com/static/520fcad6e4b0717200274c82/t/5979041bdb29d6630955e0df/1501103196976/OYB_July28_2017_mixdown.mp3/original/OYB_July28_2017_mixdown.mp3,1082000
210,2 CHRONICLES 24:1-25:28 | ROMANS 12:1-21 | PSALM 22:19-31 | PROVERBS 20:8-10,"Daily Bible Reading - Saturday, July 29",http://static1.squarespace.com/static/520fcad6e4b0717200274c82/t/5979dc35f5e231fa62db5ec6/1501158513566/OYB_July29_2017_mixdown.mp3/original/OYB_July29_2017_mixdown.mp3,1016000
211,,Problem retrieving,http://oneyearbiblepodcast.com/daily-bible-reading/2017/7/30/daily-bible-reading-sunday-july-30,
212,,Problem retrieving,http://oneyearbiblepodcast.com/daily-bible-reading/2017/7/31/daily-bible-reading-monday-july-31,
213,,Problem retrieving,http://oneyearbiblepodcast.com/daily-bible-reading/2017/8/1/daily-bible-reading-tuesday-august-1,
214,,Problem retrieving,http://oneyearbiblepodcast.com/daily-bible-reading/2017/8/2/daily-bible-reading-wednesday-august-2,
215,2 CHRONICLES 33:14-34:33 | ROMANS 16:8-27 | PSALM 26:1-12 | PROVERBS 20:19,"Daily Bible Reading - Thursday, August 3",http://static1.squarespace.com/static/520fcad6e4b0717200274c82/t/597f99f36b8f5ba38ffc95bf/1501534760270/OYB_August3_2017_mixdown.mp3/original/OYB_August3_2017_mixdown.mp3,882000
216,,Problem retrieving,http://oneyearbiblepodcast.com/daily-bible-reading/2017/8/4/daily-bible-reading-friday-august-4,
217,EZRA 1:1-2:70 | 1 CORINTHIANS 1:18-2:5 | PSALM 27:7-14 | PROVERBS 20:22-23,"Daily Bible Reading - Saturday, August 5",http://static1.squarespace.com/static/520fcad6e4b0717200274c82/t/5980f4ca15d5db105f960553/1501623545892/OYB_August5_2017_mixdown.mp3/original/OYB_August5_2017_mixdown.mp3,861000
218,,Problem retrieving,http://oneyearbiblepodcast.com/daily-bible-reading/2017/8/6/daily-bible-reading-sunday-august-6,
219,,Problem retrieving,http://oneyearbiblepodcast.com/daily-bible-reading/2017/8/7/daily-bible-reading-monday-august-7,
220,EZRA 7:1-8:20 | 1 CORINTHIANS 4:1-21 | PSALM 30:1-12 | PROVERBS 20:28-30,"Daily Bible Reading - Tuesday, August 8",http://static1.squarespace.com/static/520fcad6e4b0717200274c82/t/59823a5a46c3c46ff7e7c323/1501706899767/OYB_August8_2017_mixdown.mp3/original/OYB_August8_2017_mixdown.mp3,872000
221,EZRA 8:21-9:15 | 1 CORINTHIANS 5:1-13 | PSALM 31:1-8 | PROVERBS 21:1-2,"Daily Bible Reading - Wednesday, August 9",http://static1.squarespace.com/static/520fcad6e4b0717200274c82/t/59824313893fc07f3917d753/1501709113314/OYB_August9_2017_mixdown.mp3/original/OYB_August9_2017_mixdown.mp3,679000
222,EZRA 10:1-44 | 1 CORINTHIANS 6:1-20 | PSALM 31:9-18 | PROVERBS 21:3,"Daily Bible Reading - Thursday, August 10",http://static1.squarespace.com/static/520fcad6e4b0717200274c82/t/5984b8d8cd0f685f3699eb2b/1501870341830/OYB_August10_2017_mixdown.mp3/original/OYB_August10_2017_mixdown.mp3,744000
223,NEHEMIAH 1:1-3:14 | 1 CORINTHIANS 7:1-24 | PSALM 31:19-24 | PROVERBS 21:4,"Daily Bible Reading - Friday, August 11",http://static1.squarespace.com/static/520fcad6e4b0717200274c82/t/5984c04c4c0dbf624a2f8390/1501872256480/OYB_August11_2017_mixdown.mp3/original/OYB_August11_2017_mixdown.mp3,879000
224,NEHEMIAH 3:15-5:13 | 1 CORINTHIANS 7:25-40 | PSALM 32:1-11 | PROVERBS 21:5-7,"Daily Bible Reading - Saturday, August 12",http://static1.squarespace.com/static/520fcad6e4b0717200274c82/t/5984d416c534a5814da19f71/1501877320201/OYB_August12_2017_mixdown.mp3/original/OYB_August12_2017_mixdown.mp3,920000
225,NEHEMIAH 5:14-7:60 | 1 CORINTHIANS 8:1-13 | PSALM 33:1-11 | PROVERBS 21:8-10,"Daily Bible Reading - Sunday, August 13",http://static1.squarespace.com/static/520fcad6e4b0717200274c82/t/5984dd3b3e00bed5465999e1/1501879664468/OYB_August13_2017_mixdown.mp3/original/OYB_August13_2017_mixdown.mp3,904000
226,NEHEMIAH 7:61-9:21 | 1 CORINTHIANS 9:1-18 | PSALM 33:12-22 | PROVERBS 21:11-12,"Daily Bible Reading - Monday, August 14",http://static1.squarespace.com/static/520fcad6e4b0717200274c82/t/5990d9c837c581edc4329bd5/1502665213262/OYB_August14_2017_mixdown.mp3/original/OYB_August14_2017_mixdown.mp3,966000
227,NEHEMIAH 9:22-10:39 | 1 CORINTHIANS 9:19-10:13 | PSALM 34:1-10 | PROVERBS 21:13,"Daily Bible Reading - Tuesday, August 15",http://static1.squarespace.com/static/520fcad6e4b0717200274c82/t/59921192d482e92c305c9efa/1502745041291/OYB_August15_2017_mixdown.mp3/original/OYB_August15_2017_mixdown.mp3,858000
228,NEHEMIAH 11:1-12:26 | 1 CORINTHIANS 10:14-11:2 | PSALM 34:11-22 | PROVERBS 21:14-16,"Daily Bible Reading - Wednesday, August 16",http://static1.squarespace.com/static/520fcad6e4b0717200274c82/t/5993600217bffc281f8ff03e/1502830640219/OYB_August16_2017_mixdown.mp3/original/OYB_August16_2017_mixdown.mp3,822000
229,NEHEMIAH 12:27-13:31 | 1 CORINTHIANS 11:3-16 | PSALM 35:1-16 | PROVERBS 21:17-18,"Daily Bible Reading - Thursday, August 17",http://static1.squarespace.com/static/520fcad6e4b0717200274c82/t/5994a5c4914e6bec2f42b377/1502914046001/OYB_August17_2017_mixdown.mp3/original/OYB_August17_2017_mixdown.mp3,886000
230,,Problem retrieving,http://oneyearbiblepodcast.com/daily-bible-reading/2017/8/18/daily-bible-reading-friday-august-18,
231,,Problem retrieving,http://oneyearbiblepodcast.com/daily-bible-reading/2017/8/19/daily-bible-reading-saturday-august-19,
232,,Problem retrieving,http://oneyearbiblepodcast.com/daily-bible-reading/2017/8/20/daily-bible-reading-sunday-august-20,
233,JOB 1:1-3:26 | 1 CORINTHIANS 14:1-17 | PSALM 37:12-29 | PROVERBS 21:25-26,"Daily Bible Reading - Monday, August 21",http://static1.squarespace.com/static/520fcad6e4b0717200274c82/t/5999d1fe3e00be6b0e34d95d/1503253040004/OYB_August21_2017_mixdown.mp3/original/OYB_August21_2017_mixdown.mp3,863000
234,,Problem retrieving,http://oneyearbiblepodcast.com/daily-bible-reading/2017/8/22/daily-bible-reading-tuesday-august-22,
235,JOB 8:1-11:20 | 1 CORINTHIANS 15:1-28 | PSALM 38:1-22 | PROVERBS 21:28-29,"Daily Bible Reading - Wednesday, August 23",http://static1.squarespace.com/static/520fcad6e4b0717200274c82/t/599c9e1fd55b41e7fa01e16c/1503436392010/OYB_August23_2017_mixdown.mp3/original/OYB_August23_2017_mixdown.mp3,1045000
236,JOB 12:1-15:35 | 1 CORINTHIANS 15:29-58 | PSALM 39:1-13 | PROVERBS 21:30-31,"Daily Bible Reading - Thursday, August 24",http://static1.squarespace.com/static/520fcad6e4b0717200274c82/t/599de7bcbe65940b47470838/1503520785837/OYB_August24_2017_mixdown.mp3/original/OYB_August24_2017_mixdown.mp3,1129000
237,,Problem retrieving,http://oneyearbiblepodcast.com/daily-bible-reading/2017/8/25/daily-bible-reading-friday-august-25,
238,JOB 20:1-22:30 | 2 CORINTHIANS 1:1-11 | PSALM 40:11-17 | PROVERBS 22:2-4,"Daily Bible Reading - Saturday, August 26",http://static1.squarespace.com/static/520fcad6e4b0717200274c82/t/599f4360cd0f68882d46f857/1503609745795/OYB_August26_2017_mixdown.mp3/original/OYB_August26_2017_mixdown.mp3,855000
239,JOB 23:1-27:23 | 2 CORINTHIANS 1:12-2:11 | PSALM 41:1-13 | PROVERBS 22:5-6,"Daily Bible Reading - Sunday, August 27",http://static1.squarespace.com/static/520fcad6e4b0717200274c82/t/59a06c51d55b418cf71864ee/1503685765177/OYB_August27_2017_mixdown.mp3/original/OYB_August27_2017_mixdown.mp3,920000
240,JOB 28:1-30:31 | 2 CORINTHIANS 2:12-17 | PSALM 42:1-11 | PROVERBS 22:7,"Daily Bible Reading - Monday, August 28",http://static1.squarespace.com/static/520fcad6e4b0717200274c82/t/59a1db1a197aea64f21d00e2/1503779652893/OYB_August28_2017_mixdown.mp3/original/OYB_August28_2017_mixdown.mp3,747000
241,JOB 31:1-33:33 | 2 CORINTHIANS 3:1-18 | PSALM 43:1-5 | PROVERBS 22:8-9,"Daily Bible Reading - Tuesday, August 29",http://static1.squarespace.com/static/520fcad6e4b0717200274c82/t/59a33d00f7e0abd56a49374f/1503870272186/OYB_August29_2017_mixdown.mp3/original/OYB_August29_2017_mixdown.mp3,896000
242,JOB 34:1-36:33 | 2 CORINTHIANS 4:1-12 | PSALM 44:1-8 | PROVERBS 22:10-12,"Daily Bible Reading - Wednesday, August 30",http://static1.squarespace.com/static/520fcad6e4b0717200274c82/t/59a46d5a03596e93e05fa368/1503948164744/OYB_August30_2017_mixdown.mp3/original/OYB_August30_2017_mixdown.mp3,788000
243,JOB 37:1-39:30 | 2 CORINTHIANS 4:13-5:10 | PSALM 44:9-26 | PROVERBS 22:13,"Daily Bible Reading - Thursday, August 31",http://static1.squarespace.com/static/520fcad6e4b0717200274c82/t/59a5bb163e00be18e82a713c/1504033610023/OYB_August31_2017_mixdown.mp3/original/OYB_August31_2017_mixdown.mp3,897000
244,JOB 40:1-42:17 | 2 CORINTHIANS 5:11-21 | PSALM 45:1-17 | PROVERBS 22:14,"Daily Bible Reading - Friday, September 1",http://static1.squarespace.com/static/520fcad6e4b0717200274c82/t/59a71357cd39c3ebb6abd5d2/1504121731946/OYB_September1_2017_mixdown.mp3/original/OYB_September1_2017_mixdown.mp3,813000
245,ECCLESIASTES 1:1-3:22 | 2 CORINTHIANS 6:1-13 | PSALM 46:1-11 | PROVERBS 22:15,"Daily Bible Reading - Saturday, September 2",http://static1.squarespace.com/static/520fcad6e4b0717200274c82/t/59a84b04f5e2315ed0aea573/1504201521897/OYB_September2_2017_mixdown.mp3/original/OYB_September2_2017_mixdown.mp3,829000
246,ECCLESIASTES 4:1-6:12 | 2 CORINTHIANS 6:14-7:7 | PSALM 47:1-9 | PROVERBS 22:16,"Daily Bible Reading - Sunday, September 3",http://static1.squarespace.com/static/520fcad6e4b0717200274c82/t/59a878f3e3df28057d117135/1504213280742/OYB_September3_2017_mixdown.mp3/original/OYB_September3_2017_mixdown.mp3,682000
247,,Problem retrieving,http://oneyearbiblepodcast.com/daily-bible-reading/2017/9/4/daily-bible-reading-monday-september-4,
248,ECCLESIATES 10:1-12:14 | 2 CORINTHIANS 8:1-15 | PSALM 49:1-20 | PROVERBS 22:20-21,"Daily Bible Reading - Tuesday, September 5",http://static1.squarespace.com/static/520fcad6e4b0717200274c82/t/59ac4e29e5dd5b69d4127936/1504464464547/OYB_September5_2017_mixdown.mp3/original/OYB_September5_2017_mixdown.mp3,683000
249,SONG OF SOLOMON 1:1-4:16 | 2 CORINTHIANS 8:16-24 | PSALM 50:1-23 | PROVERBS 22:22-23,"Daily Bible Reading - Wednesday, September 6",http://static1.squarespace.com/static/520fcad6e4b0717200274c82/t/59aefd53ff7c50f878b43558/1504640385535/OYB_September6_2017_mixdown.mp3/original/OYB_September6_2017_mixdown.mp3,797000
250,,Problem retrieving,http://oneyearbiblepodcast.com/daily-bible-reading/2017/9/7/daily-bible-reading-thursday-september-7,
251,ISAIAH 1:1-2:22 | 2 CORINTHIANS 10:1-18 | PSALM 52:1-9 | PROVERBS 22:26-27,"Daily Bible Reading - Friday, September 8",http://static1.squarespace.com/static/520fcad6e4b0717200274c82/t/59b1c16bb07869610deaed3e/1504821676573/OYB_September8_2017_mixdown.mp3/original/OYB_September8_2017_mixdown.mp3,817000
252,ISAIAH 3:1-5:30 | 2 CORINTHIANS 11:1-15 | PSALM 53:1-6 | PROVERBS 22:28-29,"Daily Bible Reading - Saturday, September 9",http://static1.squarespace.com/static/520fcad6e4b0717200274c82/t/59b32208e9bfdf9503366dc2/1504911948174/OYB_September9_2017_mixdown.mp3/original/OYB_September9_2017_mixdown.mp3,861000
253,ISAIAH 6:1-7:25 | 2 CORINTHIANS 11:16-33 | PSALM 54:1-7 | PROVERBS 23:1-3,"Daily Bible Reading - Sunday, September 10",http://static1.squarespace.com/static/520fcad6e4b0717200274c82/t/59b32720f7e0abec5d17236d/1504913226338/OYB_September10_2017_mixdown.mp3/original/OYB_September10_2017_mixdown.mp3,654000
254,ISAIAH 8:1-9:21 | 2 CORINTHIANS 12:1-10 | PSALM 55:1-23 | PROVERBS 23:4-5,"Daily Bible Reading - Monday, September 11",http://static1.squarespace.com/static/520fcad6e4b0717200274c82/t/59b5bec112abd93aa2bbd1eb/1505083117535/OYB_September11_2017_mixdown.mp3/original/OYB_September11_2017_mixdown.mp3,789000
255,ISAIAH 10:1-11:16 | 2 CORINTHIANS 12:11-21 | PSALM 56:1-13 | PROVERBS 23:6-8,"Daily Bible Reading - Tuesday, September 12",http://static1.squarespace.com/static/520fcad6e4b0717200274c82/t/59b701bb49fc2bf892730d9a/1505165804846/OYB_September12_2017_mixdown.mp3/original/OYB_September12_2017_mixdown.mp3,811000
256,ISAIAH 12:1-14:32 | 2 CORINTHIANS 13:1-14 | PSALM 57:1-11 | PROVERBS 23:9-11,"Daily Bible Reading - Wednesday, September 13",http://static1.squarespace.com/static/520fcad6e4b0717200274c82/t/59b84295cf81e006d589518a/1505247942642/OYB_September13_2017_mixdown.mp3/original/OYB_September13_2017_mixdown.mp3,871000
257,ISAIAH 15:1-18:7 | GALATIANS 1:1-24 | PSALM 58:1-11 | PROVERBS 23:12,"Daily Bible Reading - Thursday, September 14",http://static1.squarespace.com/static/520fcad6e4b0717200274c82/t/59b99b28a8b2b0fd9ffea558/1505336150329/OYB_September14_2017_mixdown.mp3/original/OYB_September14_2017_mixdown.mp3,859000
258,ISAIAH 19:1-21:17 | GALATIANS 2:1-16 | PSALM 59:1-17 | PROVERBS 23:13-14,"Daily Bible Reading - Friday, September 15",http://static1.squarespace.com/static/520fcad6e4b0717200274c82/t/59baccb58419c20ba2720290/1505414383160/OYB_September15_2017_mixdown.mp3/original/OYB_September15_2017_mixdown.mp3,910000
259,,Problem retrieving,http://oneyearbiblepodcast.com/daily-bible-reading/2017/9/16/daily-bible-reading-saturday-september-16,
260,ISAIAH 25:1-28:13 | GALATIANS 3:10-22 | PSALM 61:1-8 | PROVERBS 23:17-18,"Daily Bible Reading - Sunday, September 17",http://static1.squarespace.com/static/520fcad6e4b0717200274c82/t/59bda649e3df28bd2da309b5/1505601148536/OYB_September17_2017_mixdown.mp3/original/OYB_September17_2017_mixdown.mp3,887000
261,ISAIAH 28:14-30:11 | GALATIANS 3:23-4:31 | PSALM 62:1-12 | PROVERBS 23:19-21,"Daily Bible Reading - Monday, September 18",http://static1.squarespace.com/static/520fcad6e4b0717200274c82/t/59bec41118b27dca62385598/1505674342061/OYB_September18_2017_mixdown.mp3/original/OYB_September18_2017_mixdown.mp3,1019000
262,,Problem retrieving,http://oneyearbiblepodcast.com/daily-bible-reading/2017/9/19/daily-bible-reading-tuesday-september-19,
263,,Problem retrieving,http://oneyearbiblepodcast.com/daily-bible-reading/2017/9/20/daily-bible-reading-wednesday-september-20,
264,,Problem retrieving,http://oneyearbiblepodcast.com/daily-bible-reading/2017/9/21/daily-bible-reading-thursday-september-21,
265,ISAIAH 39:1-41:16 | EPHESIANS 1:1-23 | PSALM 66:1-20 | PROVERBS 23:25-28,"Daily Bible Reading - Friday, September 22",http://static1.squarespace.com/static/520fcad6e4b0717200274c82/t/59c41638e9bfdfb12ac0827b/1506023024528/OYB_September22_2017_mixdown.mp3/original/OYB_September22_2017_mixdown.mp3,959000
266,ISAIAH 41:17-43:13 | EPHESIANS 2:1-22 | PSALM 67:1-7 | PROVERBS 23:29-35,"Daily Bible Reading - Saturday, September 23",http://static1.squarespace.com/static/520fcad6e4b0717200274c82/t/59c42783edaed81b3a47c467/1506027446210/OYB_September23_2017_mixdown.mp3/original/OYB_September23_2017_mixdown.mp3,870000
267,ISAIAH 43:14-45:10 | EPHESIANS 3:1-21 | PSALM 68:1-18 | PROVERBS 24:1-2,"Daily Bible Reading - Sunday, September 24",http://static1.squarespace.com/static/520fcad6e4b0717200274c82/t/59c573cbf14aa1916acd003b/1506112529467/OYB_September24_2017_mixdown.mp3/original/OYB_September24_2017_mixdown.mp3,959000
268,ISAIAH 45:11-48:11 | EPHESIANS 4:1-16 | PSALM 68:19-35 | PROVERBS 24:3-4,"Daily Bible Reading - Monday, September 25",http://static1.squarespace.com/static/520fcad6e4b0717200274c82/t/59c6b775cd0f687a8b1e598a/1506195373482/OYB_September25_2017_mixdown.mp3/original/OYB_September25_2017_mixdown.mp3,961000
269,ISAIAH 48:12-50:11 | EPHESIANS 4:17-32 | PSALM 69:1-18 | PROVERBS 24:5-6,"Daily Bible Reading - Tuesday, September 26",http://static1.squarespace.com/static/520fcad6e4b0717200274c82/t/59c6dc7b2994ca741bda7a8e/1506204848075/OYB_September26_2017_mixdown.mp3/original/OYB_September26_2017_mixdown.mp3,907000
270,ISAIAH 51:1-53:12 | EPHESIANS 5:1-33 | PSALM 69:19-36 | PROVERBS 24:7,"Daily Bible Reading - Wednesday, September 27",http://static1.squarespace.com/static/520fcad6e4b0717200274c82/t/59c8144fe45a7c0f49ddb69c/1506284679504/OYB_September27_2017_mixdown.mp3/original/OYB_September27_2017_mixdown.mp3,1023000
271,ISAIAH 54:1-57:13 | EPHESIANS 6:1-24 | PSALM 70:1-5 | PROVERBS 24:8,"Daily Bible Reading - Thursday, September 28",http://static1.squarespace.com/static/520fcad6e4b0717200274c82/t/59c96076e3df28de05445ff8/1506369720375/OYB_September28_2017_mixdown.mp3/original/OYB_September28_2017_mixdown.mp3,918000
272,ISAIAH 57:14-59:21 | PHILIPPIANS 1:1-26 | PSALM 71:1-24 | PROVERBS 24:9-10,"Daily Bible Reading - Friday, September 29",http://static1.squarespace.com/static/520fcad6e4b0717200274c82/t/59c9614dd7bdce066fea5b95/1506369926083/OYB_September29_2017_mixdown.mp3/original/OYB_September29_2017_mixdown.mp3,1006000
273,ISAIAH 60:1-62:5 | PHILIPPIANS 1:27-2:18 | PSALM 72:1-20 | PROVERBS 24:11-12,"Daily BIble Reading - Saturday, September 30",http://static1.squarespace.com/static/520fcad6e4b0717200274c82/t/59caae6532601e3f295de8df/1506455196567/OYB_September30_2017_mixdown.mp3/original/OYB_September30_2017_mixdown.mp3,940000
274,,Problem retrieving,http://oneyearbiblepodcast.com/daily-bible-reading/2017/10/1/daily-bible-reading-sunday-october-1,
275,ISAIAH 66:1-24 | PHILIPPIANS 3:4-21 | PSALM 74:1-23 | PROVERBS 24:15-16,"Daily Bible Reading - Monday, October 2",http://static1.squarespace.com/static/520fcad6e4b0717200274c82/t/59d15288edaed82d119b974b/1506890419115/OYB_October2_2017_mixdown.mp3/original/OYB_October2_2017_mixdown.mp3,737000
276,JEREMIAH 1:1-2:30 | PHILIPPIANS 4:1-23 | PSALM 75:1-10 | PROVERBS 24:17-20,"Daily Bible Reading - Tuesday, October 3",http://static1.squarespace.com/static/520fcad6e4b0717200274c82/t/59d2978046c3c4de43d03a03/1506973619801/OYB_October3_2017_mixdown.mp3/original/OYB_October3_2017_mixdown.mp3,876000
277,JEREMIAH 2:31-4:18 | COLOSSIANS 1:1-20 | PSALM 76:1-12 | PROVERBS 24:21-22,"Daily Bible Reading - Wednesday, October 4",http://static1.squarespace.com/static/520fcad6e4b0717200274c82/t/59d29e8637c5814b85053ee3/1506975414825/OYB_October4_2017_mixdown.mp3/original/OYB_October4_2017_mixdown.mp3,885000
278,JEREMIAH 4:19-6:14 | COLOSSIANS 1:21-2:7 | PSALM 77:1-20 | PROVERBS 24:23-25,"Daily Bible Reading - Thursday, October 5",http://static1.squarespace.com/static/520fcad6e4b0717200274c82/t/59d3e55b64b05f18eb04e7fa/1507059095440/OYB_October5_2017_mixdown.mp3/original/OYB_October5_2017_mixdown.mp3,1020000
279,JEREMIAH 6:15-8:7 | COLOSSIANS 2:8-23 | PSALM 78:1-31 | PROVERBS 24:26,"Daily Bible Reading - Friday, October 6",http://static1.squarespace.com/static/520fcad6e4b0717200274c82/t/59d540ebb1ffb6434a4bb8fa/1507148073556/OYB_October6_2017_mixdown.mp3/original/OYB_October6_2017_mixdown.mp3,1067000
280,,Problem retrieving,http://oneyearbiblepodcast.com/daily-bible-reading/2017/10/7/daily-bible-reading-saturday-october-7,
281,JEREMIAH 10:1-11:23 | COLOSSIANS 3:18-4:18 | PSALM 78:56-72 | PROVERBS 24:28-29,"Daily Bible Reading - Sunday, October 8",http://static1.squarespace.com/static/520fcad6e4b0717200274c82/t/59d7d8f8e45a7c0ce2352acb/1507318060356/OYB_October8_2017_mixdown.mp3/original/OYB_October8_2017_mixdown.mp3,905000
282,,Problem retrieving,http://oneyearbiblepodcast.com/daily-bible-reading/2017/10/9/daily-bible-reading-monday-october-9,
283,,Problem retrieving,http://oneyearbiblepodcast.com/daily-bible-reading/2017/10/10/daily-bible-reading-tuesday-october-10,
284,JEREMIAH 16:16-18:23 | 1 THESSALONIANS 4:1-5:3 | PSALM 81:1-16 | PROVERBS 25:6-7a,"Daily Bible Reading - Wednesday, October 11",http://static1.squarespace.com/static/520fcad6e4b0717200274c82/t/59dbc0358a02c75c23e19a6b/1507573870359/OYB_October11_2017_mixdown.mp3/original/OYB_October11_2017_mixdown.mp3,976000
285,JEREMIAH 19:1-21:14 | 1 THESSALONIANS 5:4-28 | PSALM 82:1-8 | PROVERBS 25:7-10,"Daily Bible Reading - Thursday, October 12",http://static1.squarespace.com/static/520fcad6e4b0717200274c82/t/59dbc86a03596ed02a1ecfe9/1507575967137/OYB_October12_2017_mixdown.mp3/original/OYB_October12_2017_mixdown.mp3,863000
286,JEREMIAH 22:1-23:20 | 2 THESSALONIANS 1:1-12 | PSALM 83:1-18 | PROVERBS 25:11-14,"Daily Bible Reading - Friday, October 13",http://static1.squarespace.com/static/520fcad6e4b0717200274c82/t/59dd2150edaed8dc63982045/1507664259263/OYB_October13_2017_mixdown.mp3/original/OYB_October13_2017_mixdown.mp3,894000
287,JEREMIAH 23:21-25:38 | 2 THESSALONIANS 2:1-17 | PSALM 84:1-12 | PROVERBS 25:15,"Daily Bible Reading - Saturday, October 14",http://static1.squarespace.com/static/520fcad6e4b0717200274c82/t/59de6db8cf81e0d4601174e4/1507749364243/OYB_October14_2017_mixdown.mp3/original/OYB_October14_2017_mixdown.mp3,1036000
288,JEREMIAH 26:1-27:22 | 2 THESSALONIANS 3:1-18 | PSALM 85:1-13 | PROVERBS 25:16,"Daily Bible Reading - Sunday, October 15",http://static1.squarespace.com/static/520fcad6e4b0717200274c82/t/59de7b32f9a61ecf242b394f/1507752800471/OYB_October15_2017_mixdown.mp3/original/OYB_October15_2017_mixdown.mp3,832000
289,JEREMIAH 28:1-29:32 | 1 TIMOTHY 1:1-20 | PSALM 86:1-17 | PROVERBS 25:17,"Daily Bible Reading - Monday, October 16",http://static1.squarespace.com/static/520fcad6e4b0717200274c82/t/59e0051bb7411cea8ad58f1d/1507853653605/OYB_October16_2017_mixdown.mp3/original/OYB_October16_2017_mixdown.mp3,946000
290,JEREMIAH 30:1-31:26 | 1 TIMOTHY 2:1-15 | PSALM 87:1-17 | PROVERBS 25:18-19,"Daily Bible Reading - Tuesday, October 17",http://static1.squarespace.com/static/520fcad6e4b0717200274c82/t/59e10c1ea803bb749fb6603a/1507920972588/OYB_October17_2017_mixdown.mp3/original/OYB_October17_2017_mixdown.mp3,800000
291,,Problem retrieving,http://oneyearbiblepodcast.com/daily-bible-reading/2017/10/18/daily-bible-reading-wednesday-october-18,
292,JEREMIAH 33:1-34:22 | 1 TIMOTHY 4:1-16 | PSALM 89:1-13 | PROVERBS 25:23-24,"Daily Bible Reading - Thursday, October 19",http://static1.squarespace.com/static/520fcad6e4b0717200274c82/t/59e7ecb79f07f5c76b407255/1508371699492/OYB_October19_2017_mixdown.mp3/original/OYB_October19_2017_mixdown.mp3,868000
293,JEREMIAH 35:1-36:32 | 1 TIMOTHY 5:1-25 | PSALM 89:14-37 | PROVERBS 25:25-27,"Daily Bible Reading - Friday, October 20",http://static1.squarespace.com/static/520fcad6e4b0717200274c82/t/59e9060ef6576ebb73e0c2fe/1508443724160/OYB_October20_2017_mixdown.mp3/original/OYB_October20_2017_mixdown.mp3,1045000
294,JEREMIAH 37:1-38:28 | 1 TIMOTHY 6:1-21 | PSALM 89:38-52 | PROVERBS 25:28,"Daily Bible Reading - Saturday, October 21",http://static1.squarespace.com/static/520fcad6e4b0717200274c82/t/59e9178a80bd5e64c8d5d3e2/1508448193242/OYB_October21_2017_mixdown.mp3/original/OYB_October21_2017_mixdown.mp3,926000
295,,Problem retrieving,http://oneyearbiblepodcast.com/daily-bible-reading/2017/10/22/daily-bible-reading-sunday-october-22,
296,,Problem retrieving,http://oneyearbiblepodcast.com/daily-bible-reading/2017/10/23/daily-bible-reading-monday-october-23,
297,JEREMIAH 44:24-47:7 | 2 TIMOTHY 2:22-3:17 | PSALM 94:1-23 | PROVERBS 26:6-8,"Daily Bible Reading - Tuesday, October 24",http://static1.squarespace.com/static/520fcad6e4b0717200274c82/t/59ed423a8a02c74982638c09/1508721352800/OYB_October24_2017_mixdown.mp3/original/OYB_October24_2017_mixdown.mp3,980000
298,,Problem retrieving,http://oneyearbiblepodcast.com/daily-bible-reading/2017/10/25/daily-bible-reading-wednesday-october-25,
299,,Problem retrieving,http://oneyearbiblepodcast.com/daily-bible-reading/2017/10/26/daily-bible-reading-thursday-october-26,
300,,Problem retrieving,http://oneyearbiblepodcast.com/daily-bible-reading/2017/10/27/daily-bible-reading-friday-october-27,
301,JEREMIAH 51:54-52:34 | TITUS 3:1-15 | PSALM 100:1-5 | PROVERBS 26:18-19,"Daily Bible Reading - Saturday, October 28",http://static1.squarespace.com/static/520fcad6e4b0717200274c82/t/59f0f680268b962d6218f125/1508964010258/OYB_October28_2017_mixdown.mp3/original/OYB_October28_2017_mixdown.mp3,756000
302,LAMENTATIONS 1:1-2:19 | PHILEMON 1-25 | PSALM 101:1-8 | PROVERBS 26:20,"Daily Bible Reading - Sunday, October 29",http://static1.squarespace.com/static/520fcad6e4b0717200274c82/t/59f0ffc82aeba57af7ef52f1/1508966399251/OYB_October29_2017_mixdown.mp3/original/OYB_October29_2017_mixdown.mp3,883000
303,,Problem retrieving,http://oneyearbiblepodcast.com/daily-bible-reading/2017/10/30/daily-bible-reading-monday-october-30,
304,LAMENTATIONS 4:1-5:22 | HEBREWS 2:1-18 | PSALM 103:1-22 | PROVERBS 26:23,"Daily Bible Reading - Tuesday, October 31",http://static1.squarespace.com/static/520fcad6e4b0717200274c82/t/59f63446d6839afae919b6e9/1509307503211/OYB_October31_2017_mixdown.mp3/original/OYB_October31_2017_mixdown.mp3,722000
305,,Problem retrieving,http://oneyearbiblepodcast.com/daily-bible-reading/2017/11/1/daily-bible-reading-wednesday-november-1,
306,,Problem retrieving,http://oneyearbiblepodcast.com/daily-bible-reading/2017/11/2/daily-bible-reading-thursday-november-2,
307,EZEKIEL 7:1-9:11 | HEBREWS 5:1-14 | PSALM 105:1-5 | PROVERBS 26:28,"Daily Bible Reading - Friday, November 3",http://static1.squarespace.com/static/520fcad6e4b0717200274c82/t/59fa294e53450a6b12f70f55/1509566838157/OYB_November3_2017_mixdown.mp3/original/OYB_November3_2017_mixdown.mp3,907000
308,EZEKIEL 10:1-11:25 | HEBREWS 6:1-20 | PSALM 105:16-36 | PROVERBS 27:1-2,"Daily Bible Reading - Saturday, November 4",http://static1.squarespace.com/static/520fcad6e4b0717200274c82/t/59fa27e8692670838628ed6e/1509566474757/OYB_November4_2017_mixdown.mp3/original/OYB_November4_2017_mixdown.mp3,822000
309,EZEKIEL 12:1-14:11 | HEBREWS 7:1-17 | PSALM 105:37-45 | PROVERBS 27:3,"Daily Bible Reading - Sunday, November 5",http://static1.squarespace.com/static/520fcad6e4b0717200274c82/t/59fcc9a60852297ead5e54e9/1509738970790/OYB_November5_2017_mixdown.mp3/original/OYB_November5_2017_mixdown.mp3,953000
310,EZEKIEL 14:12-16:42 | HEBREWS 7:18-28 | PSALM 106:1-12 | PROVERBS 27:4-6,"Daily Bible Reading - Monday, November 6",http://static1.squarespace.com/static/520fcad6e4b0717200274c82/t/59fce97e08466563e19e59f3/1509747120323/OYB_November6_2017_mixdown.mp3/original/OYB_November6_2017_mixdown.mp3,876000
311,EZEKIEL 16:43 - 17:24 | HEBREWS 8:1-13 | PSALM 106:13-31 | PROVERBS 27:7-9,"Daily Bible Reading - Tuesday, November 7",http://static1.squarespace.com/static/520fcad6e4b0717200274c82/t/59ff6ff9e4966b0f2587736a/1509912618587/OYB_November7_2017_mixdown.mp3/original/OYB_November7_2017_mixdown.mp3,833000
312,EZEKIEL 18:1-19:14 | HEBREWS 9:1-10 | PSALM 106:32-48 | PROVERBS 27:10,"Daily Bible Reading - Wednesday, November 8",http://static1.squarespace.com/static/520fcad6e4b0717200274c82/t/5a00c600419202ebc02afd52/1510000168935/OYB_November8_2017_mixdown.mp3/original/OYB_November8_2017_mixdown.mp3,744000
313,EZEKIEL 20:1-49 | HEBREWS 9:11-28 | PSALM 107:1-43 | PROVERBS 27:11,"Daily Bible Reading - Thursday, November 9",http://static1.squarespace.com/static/520fcad6e4b0717200274c82/t/5a0225dcec212da46bcb336f/1510090271837/OYB_November9_2017_mixdown.mp3/original/OYB_November9_2017_mixdown.mp3,1067000
314,,Problem retrieving,http://oneyearbiblepodcast.com/daily-bible-reading/2017/11/10/daily-bible-reading-friday-november-10,
315,EZEKIEL 23:1-49 | HEBREWS 10:18-39 | PSALM 109:1-31 | PROVERBS 27:13,"Daily Bible Reading - Saturday, November 11",http://static1.squarespace.com/static/520fcad6e4b0717200274c82/t/5a035f3df9619a5d8dd45ac9/1510170480997/OYB_November11_2017_mixdown.mp3/original/OYB_November11_2017_mixdown.mp3,923000
316,EZEKIEL 24:1-26:21 | HEBREWS 11:1-6 | PSALM 110:1-7 | PROVERBS 27:14,"Daily Bible Reading - Sunday, November 12",http://static1.squarespace.com/static/520fcad6e4b0717200274c82/t/5a04971a085229eaaf20634b/1510250320865/OYB_November12_2017_mixdown.mp3/original/OYB_November12_2017_mixdown.mp3,999000
317,EZEKIEL 27:1-28:26 | HEBREWS 11:17-31 | PSALM 111:1-10 | PROVERBS 27:15-16,"Daily Bible Reading - Monday, November 13",http://static1.squarespace.com/static/520fcad6e4b0717200274c82/t/5a063a54419202915031b4c3/1510357637327/OYB_November13_2017_mixdown.mp3/original/OYB_November13_2017_mixdown.mp3,883000
318,EZEKIEL 29:1-30:26 | HEBREWS 11:32 - 12:13 | PSALM 112:1-10 | PROVERBS 27:17,"Daily Bible Reading - Tuesday, November 14",http://static1.squarespace.com/static/520fcad6e4b0717200274c82/t/5a08e6c38165f51550636a8d/1510532859757/OYB_November14_2017_mixdown.mp3/original/OYB_November14_2017_mixdown.mp3,847000
319,EZEKIEL 31:1-32:32 | HEBREWS 12:14-29 | PSALM 113:1-114:8 | PROVERBS 27:18-20,"Daily Bible Reading - Wednesday, November 15",http://static1.squarespace.com/static/520fcad6e4b0717200274c82/t/5a0a0ba5f9619a1bb04efed0/1510607847612/OYB_November15_2017_mixdown.mp3/original/OYB_November15_2017_mixdown.mp3,921000
320,,Problem retrieving,http://oneyearbiblepodcast.com/daily-bible-reading/2017/11/16/daily-bible-reading-thursday-november-16,
321,EZEKIEL 35:1-36:38 | JAMES 1:1-18 | PSALM 116:1-19 | PROVERBS 27:23-27,"Daily Bible Reading - Friday, November 17",http://static1.squarespace.com/static/520fcad6e4b0717200274c82/t/5a0caf0308522925f063854d/1510780731205/OYB_November17_2017_mixdown.mp3/original/OYB_November17_2017_mixdown.mp3,903000
322,EZEKIEL 37:1-38:23 | JAMES 1:19-2:17 | PSALM 117:1-2 | PROVERBS 28:1,"Daily Bible Reading - Saturday, November 18",http://static1.squarespace.com/static/520fcad6e4b0717200274c82/t/5a0de2c2c830254c0c9c02f5/1510859509948/OYB_November18_2017_mixdown.mp3/original/OYB_November18_2017_mixdown.mp3,919000
323,EZEKIEL 39:1-40:27 | JAMES 2:18-3:18 | PSALM 118:1-18 | PROVERBS 28:2,"Daily Bible Reading - Sunday, November 19",http://static1.squarespace.com/static/520fcad6e4b0717200274c82/t/5a0dfced71c10b0bb0b06f53/1510866222586/OYB_November19_2017_mixdown.mp3/original/OYB_November19_2017_mixdown.mp3,1021000
324,,Problem retrieving,http://oneyearbiblepodcast.com/daily-bible-reading/2017/11/20/daily-bible-reading-monday-november-20,
325,,Problem retrieving,http://oneyearbiblepodcast.com/daily-bible-reading/2017/11/21/daily-bible-reading-tuesday-november-21,
326,,Problem retrieving,http://oneyearbiblepodcast.com/daily-bible-reading/2017/11/22/daily-bible-reading-wednesday-november-22,
327,EZEKIEL 45:13-46:24 | 1 PETER 1:13-2:10 | PSALM 119:33-48 | PROVERBS 28:11,"Daily Bible Reading - Thursday, November 23",http://static1.squarespace.com/static/520fcad6e4b0717200274c82/t/5a148e0c0852290799094c0d/1511296622544/OAYB_November23_2017_mixdown.mp3/original/OAYB_November23_2017_mixdown.mp3,815000
328,EZEKIEL 47:1-48:35 | 1 PETER 2:11-3:7 | PSALM 119:49-64 | PROVERBS 28:12-13,"Daily Bible Reading - Friday, November 24",http://static1.squarespace.com/static/520fcad6e4b0717200274c82/t/5a149b5df9619ab33e88a345/1511300016417/OYB_November24_2017_mixdown.mp3/original/OYB_November24_2017_mixdown.mp3,1012000
329,DANIEL 1:1-2:23 | 1 PETER 3:8-4:6 | PSALM 119:65-80 | PROVERBS 28:14,"Daily Bible Reading - Saturday, November 25",http://static1.squarespace.com/static/520fcad6e4b0717200274c82/t/5a15da84ec212d9bd36196cb/1511381707683/OYB_November25_2017_mixdown.mp3/original/OYB_November25_2017_mixdown.mp3,807000
330,DANIEL 2:24-3:30 | 1 PETER 4:7-5:14 | PSALM 119:81-96 | PROVERBS 28:15-16,"Daily Bible Reading - Sunday, November 26",http://static1.squarespace.com/static/520fcad6e4b0717200274c82/t/5a16f67d4192021369996e88/1511454432704/OYB_November26_2017_mixdown.mp3/original/OYB_November26_2017_mixdown.mp3,1105000
331,,Problem retrieving,http://oneyearbiblepodcast.com/daily-bible-reading/2017/11/27/daily-bible-reading-monday-november-27,
332,DANIEL 5:1-31 | 2 PETER 2:1-22 | PSALM 119:113-128 | PROVERBS 28:19-20,"Daily Bible Reading - Tuesday, November 28",http://static1.squarespace.com/static/520fcad6e4b0717200274c82/t/5a19997c4192021369e86004/1511627204054/OYB_November28_2017_mixdown.mp3/original/OYB_November28_2017_mixdown.mp3,768000
333,,Problem retrieving,http://oneyearbiblepodcast.com/daily-bible-reading/2017/11/29/daily-bible-reading-wednesday-november-29,
334,,Problem retrieving,http://oneyearbiblepodcast.com/daily-bible-reading/2017/11/30/daily-bible-reading-thursday-november-30,
335,DANIEL 8:1-27 | 1 JOHN 2:1-17 | PSALM 120:1-7 | PROVERBS 28:25-26,"Daily Bible Reading - Friday, December 1",http://static1.squarespace.com/static/520fcad6e4b0717200274c82/t/5a1dd3958165f542d62275cb/1511904198463/OYB_December1_2017_mixdown.mp3/original/OYB_December1_2017_mixdown.mp3,575000
336,DANIEL 9:1-11:1 | 1 JOHN 2 :18-3:6 | PSALM 121:1-8 | PROVERBS 28:27-28,"Daily Bible Reading - Saturday, December 2",http://static1.squarespace.com/static/520fcad6e4b0717200274c82/t/5a1f41e9e4966bb1ff157fd1/1511998021653/OYB_December2_2017_mixdown.mp3/original/OYB_December2_2017_mixdown.mp3,883000
337,DANIEL 11:2-35 | 1 JOHN 3:7-24 | PSALM 122:1-9 | PROVERBS 29:1,"Daily Bible Reading - Sunday, December 3",http://media.blubrry.com/oneyearbiblepodcast/static1.squarespace.com/static/520fcad6e4b0717200274c82/t/5a20be02f9619acc4f537c30/1512095296530/OYB_December3_2017_mixdown.mp3/,
338,DANIEL 11:36-12:13 | 1 JOHN 4:1-21 | PSALM 123:1-4 | PROVERBS 29:2-4,"Daily Bible Reading - Monday, December 4",http://static1.squarespace.com/static/520fcad6e4b0717200274c82/t/5a233b1f419202b1df0707b7/1512258386899/OYB_December4_2017_mixdown.mp3/original/OYB_December4_2017_mixdown.mp3,580000
339,,Problem retrieving,http://oneyearbiblepodcast.com/daily-bible-reading/2017/12/5/daily-bible-reading-tuesday-december-5,
340,HOSEA 4:1-5:15 | 2 JOHN 1-13 | PSALM 125:1-5 | PROVERBS 29:9-11,"Daily Bible Reading - Wednesday, December 6",http://static1.squarespace.com/static/520fcad6e4b0717200274c82/t/5a244069419202b1df1f34d4/1512325271226/OYB_December6_2017_mixdown.mp3/original/OYB_December6_2017_mixdown.mp3,560000
341,HOSEA 6:1-9:17 | 3 JOHN 1-15 | PSALM 126:1-6 | PROVERBS 29:12-14,"Daily Bible Reading - Thursday, December 7",http://static1.squarespace.com/static/520fcad6e4b0717200274c82/t/5a25ba01e2c483f789582fc1/1512421959784/OYB_December7_2017_mixdown.mp3/original/OYB_December7_2017_mixdown.mp3,806000
342,HOSEA 10:1-14:9 | JUDE 1-25 | PSALM 127:1-5 | PROVERBS 29:15-17,"Daily Bible Reading - Friday, December 8",http://static1.squarespace.com/static/520fcad6e4b0717200274c82/t/5a270679f9619a96bf582956/1512507094317/OYB_December8_2017_mixdown.mp3/original/OYB_December8_2017_mixdown.mp3,1065000
343,JOEL 1:1-3:21 | REVELATION 1:1-20 | PSALM 128:1-6 | PROVERBS 29:18,"Daily Bible Reading - Saturday, December 9",http://static1.squarespace.com/static/520fcad6e4b0717200274c82/t/5a285ac571c10bf5a41903cf/1512594265185/OYB_December9_2017_mixdown.mp3/original/OYB_December9_2017_mixdown.mp3,1094000
344,AMOS 1:1-3:15 | REVELATION 2:1-17 | PSALM 129:1-8 | PROVERBS 29:19-20,"Daily Bible Reading - Sunday, December 10",http://static1.squarespace.com/static/520fcad6e4b0717200274c82/t/5a29b9fc53450ad1ca964b3c/1512684094132/OYB_December10_2017_mixdown.mp3/original/OYB_December10_2017_mixdown.mp3,800000
345,AMOS 4:1-6:14 | REVELATION 2:18-3:6 | PSALM 130:1-8 | PROVERBS 29:21-22,"Daily Bible Reading - Monday, December 11",http://static1.squarespace.com/static/520fcad6e4b0717200274c82/t/5a2b01448165f53265dcf152/1512767900735/OYB_December11_2017_mixdown.mp3/original/OYB_December11_2017_mixdown.mp3,878000
346,AMOS 7:1-9:15 | REVELATION 3:7-22 | PSALM 131:1-3 | PROVERBS 29:23,"Daily Bible Reading - Tuesday, December 12",http://static1.squarespace.com/static/520fcad6e4b0717200274c82/t/5a2c072cc83025c512aae53d/1512834923614/OYB_December12_2017_mixdown.mp3/original/OYB_December12_2017_mixdown.mp3,766000
347,OBADIAH 1-21 | REVELATION 4:1-11 | PSALM 132:1-18 | PROVERBS 29:24-25,"Daily Bible Reading - Wednesday, December 13",http://static1.squarespace.com/static/520fcad6e4b0717200274c82/t/5a2d94e0e4966be66fc5d301/1512936731929/OYB_December13_2017_mixdown.mp3/original/OYB_December13_2017_mixdown.mp3,561000
348,,Problem retrieving,http://oneyearbiblepodcast.com/daily-bible-reading/2017/12/14/daily-bible-reading-thursday-december-14,
349,MICAH 1:1-4:13 | REVELATION 6:1-17 | PSALM 134:1-3 | PROVERBS 30:1-4,"Daily Bible Reading - Friday, December 15",http://static1.squarespace.com/static/520fcad6e4b0717200274c82/t/5a3057fa8165f5f3ee7fda2f/1513117772235/OYB_December15_2017_mixdown.mp3/original/OYB_December15_2017_mixdown.mp3,943000
350,,Problem retrieving,http://oneyearbiblepodcast.com/daily-bible-reading/2017/12/16/daily-bible-reading-saturday-december-16,
351,NAHUM 1:1-3:19 | REVELATION 8:1-13 | PSALM 136:1-26 | PROVERBS 30:7-9,"Daily Bible Reading - Sunday, December 17",http://static1.squarespace.com/static/520fcad6e4b0717200274c82/t/5a32f71553450ad5e6c606b3/1513289566405/OYB_December17_2017_mixdown.mp3/original/OYB_December17_2017_mixdown.mp3,891000
352,,Problem retrieving,http://oneyearbiblepodcast.com/daily-bible-reading/2017/12/18/daily-bible-reading-monday-december-18,
353,,Problem retrieving,http://oneyearbiblepodcast.com/daily-bible-reading/2017/12/19/daily-bible-reading-tuesday-december-19,
354,HAGGAI 1:1-2:23 | REVELATION 11:1-19 | PSALM 139:1-24 | PROVERBS 30:15-16,"Daily Bible Reading - Wednesday, December 20",http://static1.squarespace.com/static/520fcad6e4b0717200274c82/t/5a35a4cc8165f5e58a7a60d9/1513465109214/OYB_December20_2017_mixdown.mp3/original/OYB_December20_2017_mixdown.mp3,847000
355,ZECHARIAH 1:1-21 | REVELATION 12:1-17 | PSALM 140:1-13 | PROVERBS 30:17,"Daily Bible Reading - Thursday, December 21",http://static1.squarespace.com/static/520fcad6e4b0717200274c82/t/5a3828328165f5e58ac42edf/1513629799229/OYB_December21_2017_mixdown.mp3/original/OYB_December21_2017_mixdown.mp3,581000
356,ZECHARIAH 2:1-3:10 | REVELATION 13:1-18 | PSALM 141:1-10 | PROVERBS 30:18-20,"Daily Bible Reading - Friday, December 22",http://static1.squarespace.com/static/520fcad6e4b0717200274c82/t/5a3a84ef71c10b1cd4e3c86e/1513784621535/OYB_December22_2017_mixdown.mp3/original/OYB_December22_2017_mixdown.mp3,584000
357,ZECHARIAH 4:1-5:11 | REVELATION 14:1-20 | PSALM 142:1-7 | PROVERBS 30:21-23,"Daily Bible Reading - Saturday, December 23",http://static1.squarespace.com/static/520fcad6e4b0717200274c82/t/5a3aec259140b77c67ba533e/1513811033666/OYB_December23_2017_mixdown.mp3/original/OYB_December23_2017_mixdown.mp3,603000
358,ZECHARIAH 6:1-7:14 | REVELATION 15:1-8 | PSALM 143:1-12 | PROVERBS 30:24-28,"Daily Bible Reading - Sunday, December 24",http://static1.squarespace.com/static/520fcad6e4b0717200274c82/t/5a3c1ba9c83025169daef7ed/1513888730835/OYB_December24_2017_mixdown.mp3/original/OYB_December24_2017_mixdown.mp3,549000
359,,Problem retrieving,http://oneyearbiblepodcast.com/daily-bible-reading/2017/12/25/daily-bible-reading-monday-december-25,
360,,Problem retrieving,http://oneyearbiblepodcast.com/daily-bible-reading/2017/12/26/daily-bible-reading-tuesday-december-26,
361,,Problem retrieving,http://oneyearbiblepodcast.com/daily-bible-reading/2017/12/27/daily-bible-reading-wednesday-december-27,
362,ZECHARIAH 12:1-13:9 | REVELATION 19:1-21 | PSALM 147:1-20 | PROVERBS 31:1-7,"Daily Bible Reading - Thursday, December 28",http://static1.squarespace.com/static/520fcad6e4b0717200274c82/t/5a42c0038165f53e2f603c67/1514324036599/OYB_December28_2017_mixdown.mp3/original/OYB_December28_2017_mixdown.mp3,741000
363,,Problem retrieving,http://oneyearbiblepodcast.com/daily-bible-reading/2017/12/29/daily-bible-reading-friday-december-29,
364,,Problem retrieving,http://oneyearbiblepodcast.com/daily-bible-reading/2017/12/30/daily-bible-reading-saturday-december-30,
365,MALACHI 3:1-4:6 | REVELATION 22:1-21 | PSALM 150:1-6 | PROVERBS 31:25-31,"Daily Bible Reading - Sunday, December 31",http://static1.squarespace.com/static/520fcad6e4b0717200274c82/t/5a43acab08522979a7e612b2/1514384604504/OYB_December31_2017_mixdown.mp3/original/OYB_December31_2017_mixdown.mp3,609000
